achievement_count	athlete.id	athlete.resource_state	athlete_count	average_speed	comment_count	commute	display_hide_heartrate_option	distance	elapsed_time	elev_high	elev_low	end_latlng1	end_latlng2	external_id	flagged	from_accepted_tag	gear_id	has_heartrate	has_kudoed	heartrate_opt_out	id	kudos_count	manual	map.id	map.resource_state	map.summary_polyline	max_speed	moving_time	name	photo_count	pr_count	private	resource_state	sport_type	start_date	start_date_local	start_latlng1	start_latlng2	timezone	total_elevation_gain	total_photo_count	trainer	type	upload_id	upload_id_str	utc_offset	visibility	workout_type	average_heartrate	max_heartrate
14	37641772	1	1	20.6172	0	FALSE	FALSE	13.790700000000001	2460	28.9	4	-27.433186	153.033	5acad53c-2443-414a-b7b1-74161c402acb-activity.fit	FALSE	FALSE	b10387460	FALSE	FALSE	FALSE	4633293880	2	FALSE	a4633293880	2	n}lfDkx`e\Hm@FgAf@qFP_CAICEk@OcJq@}AOq@OY?_@Ig@Ac@DCID_@EKDY?MEE_@QSQoAqAyEqEu@w@e@eAWSQEmHm@y@OKBENG@}@Ea@BWCq@QaDa@yD_@q@As@S{@K_Cc@u@Gu@Y{@WWCe@Dw@P]@w@Oc@AUIe@]{@We@Ug@K{Bq@k@WmBeAa@c@g@o@_@q@o@}ASs@g@uB}@yCEIUKMQDc@AWOo@c@yAKYGGSIYEB?GCCEA{@b@iGHyBOG}BQSUCMPcBN{CLiB@WAMe@e@iAw@}D}CqCoBy@q@cB_Be@WSOW]KUUu@Ug@MOm@i@GO@GPUBKGU{@oAa@WYWGQJo@NqAJg@Tk@b@o@ZeBReDNwAJeCZqBAu@FuABcBIIG?CCB@CIFUZ[DK\iE^qB@YCsBEs@QeAu@yBKSOOwB}DMa@Qu@Yc@m@m@KG]^_@DQhAITSVUNa@Hc@Ca@SSWO[G_@?OZwD?MG[eAaAMW[oAS]SMw@GWGSMMWGYEw@GYo@y@KWGe@@[FYTa@PQRKb@GJ@b@JTPPRZp@`ApCjBxE`C|HNj@BR?VCTGVMTSPSLm@Dc@Ic@_@OWMq@@_@V}C?MC]OU_@WY_@MYWiAOYWQ{@GWKQSK[KwAq@_AOc@Cg@He@R]XWl@Kb@FVLZ\dApC~BxFhCpILh@BD`@?FCV_@DCJ?l@t@Td@^pAtBdETTP\h@zAX~AB~@?nBEV]~@G`@MhBOzAGNQNEJ?XBDJ@BF?HIhBGt@?t@_@hCGnBQpB_@lFETm@t@Kb@[bCI\BPf@b@VHx@hAFR?HGXILBHb@\\b@P`@`@lA^j@n@`@lAlAj@^HF?Df@`@lAl@fA|@v@f@p@^dAx@b@b@t@f@NPBVWvDMhCIb@Ch@HNDBDAX?dCTBBBHCZq@vIAl@HV`@LRJHPhAvETh@Pn@tAfFj@fBh@dAn@|@RP\Vl@XbC`At@PbHvBh@Bb@Mh@[VAhEbAbC`@nCXhBTlGp@HF?\ZHdABb@DRALKNEz@NvGd@`@JLJXn@T^vGjGrAzAb@TDJATKp@FHFGREv@Bn@HFAj@R`@HrFb@vC\h@NPJ@JATWpCAHDJKj@KbAEz@QzA	44.64	2408	Windsor to Jim Soorley Bikeway trail	0	7	FALSE	2	Ride	2021-01-17T06:14:54Z	2021-01-17T16:14:54Z	-27.433088	153.032921	(GMT+10:00) Australia/Brisbane	66.2	0	FALSE	Ride	4948502376	4948502376	36000	followers_only	10	NA	NA
5	37641772	1	2	22.0428	0	FALSE	FALSE	30.188200000000002	7014	18.6	2.2	-27.410389	153.06155	4ec245a6-fc4c-4fff-a4da-7a762299ac49-activity.fit	FALSE	FALSE	b10387460	FALSE	FALSE	FALSE	4670858317	4	FALSE	a4670858317	2	frhfDkyee\GiAf@mGCk@d@aA\yDf@cCIkEOw@w@qBmAkBoAqCe@cB{AmBGa@aCeFc@{Aa@[kCyGqAcB}A]gA_EKw@j@_@KeCYa@R{Au@gOIe@i@y@VcA@aAyAuUYaBe@oAq@eAiDuCoOyNkAGcHv@aIb@iEJmBq@{AXwFV{@aGk@cLq@uCs@cLSQoLwEm@NaAfBaADcDi@{H}BaGsA}C_@}DKkA]q@Ly@l@}Dj@cABqEv@iDJ}BKcIyAqImDmD}@mJe@}Jd@cBU_@SS_@G}@\{@t@m@XCXXR`BH?BfJI`@URi@Gm@eBa@]yP}C_IcA_BE}AJoEv@{BpAkDxAoBdBiMjJyAl@mA~AgA|@sAbA_CfAwAbBeAnBe@~@_A|Cq@dDs@tHe@bB_@rC_BrRmAxIqCpGaArA}FjEgCjAaCr@eG~@sZzC}PhCeD~AKTKd@gCe@?}@]}@uAkAo@Ie@ROV@XV\FoAOWLo@QgARq@SiARa@l@Lh@StAEz@Lz@j@l@Bj@KXi@n@Yj@i@j@FfA[z@EbCGdCDlBq@R?XTvAIt@b@fBi@pAApA`@zAc@fAXj@?z@Wv@i@^g@l@{AdBa@z@i@r@El@i@rA]p@uACLZIl@PPZH|@nAl@T?~Ag@jCwCfAwCPsDQmAYiFh@{Cl@mBFcAIaA^cBYoCyAaEQcAt@gFO{BA{C|@yEdA_L`AgCJyBL[b@WnDw@rEuCfEgITeBbAiEGeAb@mAUmEF}@c@WgGW_Ec@}PcJmAc@}Ds@i@[iDIyKaAoEn@qDRm@Qq@m@UAuEhIwC~KS@{BeAiA@aCpFw@FSRcAnEzCf@pBt@`@KjBkGtCiMlAcEp@}AtCqEl@a@jAbAh@JpKcAtIv@lFVlGxAdOfIpCz@prAlLj@SGi@n@qF~EqE`BaAdFaEL]dAs@~@aAnAYhEd@z@Uz@A|EsDz@LlAv@fAlAjQbZfFzHdB`BxBnAzd@hQdElBnMjFPjEZzDz@zDj@bMh@bEJNzIs@~Ar@vEOzQ}A`A@z@^~O~ObDxCh@jAR~@p@dLb@dK]rAx@hBp@`OWfBZr@FfBo@r@bA~ETTdAPxA|AvDzIV|@`EfIEJv@v@jAzCjDdGh@xBClDg@tASdCKFC~Aa@`@HI?`@JJI|DFd@g@|CUA@Y	38.88	4930	Toombul to Nudgee	0	3	FALSE	2	Ride	2021-01-23T22:01:45Z	2021-01-24T08:01:45Z	-27.410433	153.061506	(GMT+10:00) Australia/Brisbane	39.5	0	FALSE	Ride	4987589916	4987589916	36000	followers_only	10	NA	NA
25	37641772	1	1	23.536800000000003	0	FALSE	FALSE	39.965199999999996	11608	28.9	3.7	-27.433263	153.032985	be1d7622-8269-41c8-9870-d32f0eacd423-activity.fit	FALSE	FALSE	b10387460	FALSE	FALSE	FALSE	4708829047	3	FALSE	a4708829047	2	v}lfDaz`e\I[dAuKvA\Rf@U]}CgA{QcBCuAiKgKq@mAeKmAa@RgBAmGcA_ESmLcCoB\mBOeB}@qFsAqCcBi@u@eB}DyBmHe@_@?gA}@cD{@a@j@iLIYiCSOWn@yJIi@oSiOkAqCcAcALuA_AuAcAm@b@qD~@mBr@oMz@mI]M?_@^{@\mDn@iCEwDkAkEqCcFk@kBoAyA_KqUqAuAqA[Ue@u@wDp@y@ImB_@u@RiACyA{@yMo@iAZuBwAqVi@}Bo@eA_TkSiAm@aTzAoEJ}Am@yIj@w@_Gi@kLq@uCk@{JUo@oLsEq@D}@|A{@R{Ey@}PqEoH]kA_@yBz@eNlBuHKwGkAwGuC}EoAgJk@kJ`@kCWq@s@EaA^{@~@m@r@dARfC?nH[f@YEi@iBq@s@_PgCoLgAgIdA{HvDsOtLaBt@uEpEaCdAgEbGgCrJm@zGgAdG_BnRoA~IkCzFaArAkGzEsG`CsFz@kYhCkRzCcDhB@f@l@`Aa@}@mDk@Ns@eC_C{@C]`@@XRRPKBaBKo@J]Yo@ReAa@i@@WjEMnCbA|@U`CoBf@LtBa@|FE~Bw@b@XfBEt@d@fDk@|Ab@`Be@x@\dAA~AaAnAsCtIoCnAwAbAf@?hAlBv@vA]bCmCjAgDPoEYcAQyEzAmGAoC`@_BS}BkBiGn@sFMmH|@wEfAkKz@_CPsCfEoAvFcDxDmIxAiHG}@b@oASmGuMqAeSaKaGyAyHc@MWXoAHLa@rA}Fa@}Jz@sBaAyEdIuC~K{E{@aCnFu@JFmAlB{Dr@Xv@QxC~@VMhCuK|E}Hb@G`Ax@p@JpK_AdPhAxFhAhPtIhCz@fsArLl@Q?_Bh@kEfIsGlJgIvAYbEf@dCa@rEiDfBx@nDjEnRd[lFpG||@h^t@|Kn@jCb@pKx@zGTLlIw@xAh@`EG~TwAbVdUp@nA^~BtAhV[lBv@|Ap@hOYzAb@\LxAAd@o@j@bAvElB`ApAbBjCvGdCvFfBnDbAjA|AbExBnDn@tBH`Fc@|Aa@vEa@jAP^KhEc@tCy@pMcAtBe@~CfAj@~@`BSbA`AfArApCzIzGIh@S?P[v@NbBvAs@dOtI~@LbAq@xJ`Ap@pAhFfEjMbBtB|BjA`LbDrC]tGnAvPhB@\b@N~C?jJhAbAhBjIhIt@`@A|ArLt@pF|@aAdN	49.68000000000001	6113	Windsor to Nudge	0	7	FALSE	2	Ride	2021-01-31T04:32:52Z	2021-01-31T14:32:52Z	-27.433103	153.033164	(GMT+10:00) Australia/Brisbane	102.3	0	FALSE	Ride	5027114715	5027114715	36000	followers_only	10	NA	NA
66	37641772	1	2	19.602	0	FALSE	FALSE	49.3595	13894	66.1	4.8	-27.469692	153.01227600000001	e3a78420-c8e6-4c10-88ca-710bcd6e3cdf-activity.fit	FALSE	FALSE	b10387460	FALSE	FALSE	FALSE	4742503355	2	FALSE	a4742503355	2	~efgDwyhe\rm@aiAzFaCfBuAv@JW_CsCl@qFUiDxAf@yCuFt@w@w@}LcBsCqB_CkHsBsBYuFeBaG@yDpAoBvBz@xHoB~DGnCaBnDeHzBHe@mHuEeFyGaEW|BqAfAoKA{FiA}C_CqCXQgCg@k@C{BgCwDiFwBcLL{@_DoAyAp@gAUo@{LeI{PkJuBIsAy@iG\gGiAw@i@aAqDcATe@dA_CUsGnBq@x@c@dCmAxAaAaAYlCeCr@gIUqDr@gGm@yF~FcJeBk@xDeBAs@dJh@vBg^wDWdDh@bJ}FlK{@TqDiAcBz@uC~FsHAwAd@eBe@e@uBsEgDoHqCwHrCp@{Ll@C}@dA_Ai@v@{E|Cmf@{LcBoMoAqCUa@jB}@x@KxF{D`IpArAe@v@GzBcC`CgD\oJg@aCjBFbA_ANcC`CeIhCqN|AoJL}Cw@_B_BsI{@oC`ByGgMuBuAH}HtBiVxD}AbA{CyC}ST{EkUwBgBbBwCh@eAvBcB~@iLoAyFlB}GbIHfB}Ap@}@Dw@iBoC_@uH|AqEjFDpCiDw@kDf@wIoLcAgBuNxCS|HdB~Io@pGwBrCwAxJG|FaEjC_D\sDkDyFq@i@{@o@nFd@@Mq@gBCcA|CqBb@m@hAeBOvA`At@pCOxFf@~EIhAw@|@wQkBgCuGKoBoBm@Fq@a@o@W`@_BEgn@kGeBgAmAPaDeEqFpEyThImsAvn@mJzCgIvF{DhAl@fC]~@qKzCkAf@Bp@h[h|AxPfh@~If@d@\Or@\h@pGvF}@hFYHRmA{@nDmCxR[y@c@FfA~HXiKuAjAlA|KCxNShDiBzLd@lTxAfJN`IzGnKP`B_@~FzH|Gz@mLhMn@`CiAhGSjAtCtCKhDoAbBAfMkId@i@oA{APkAdPgG~GmArFt@~SRrGq@nQ{ItFuFtFcDlCLfC`DvBsA|IzJi@hAPv@g@|@Pn@dL|LhGxTHpGkEzF{KlDFlAiD`A?xBsKbA_HhAmE@yAp@_AzAiDzAyD[oCz@_EtFV|QeCiB\q@WmDb@mCk@rCbm@i@~I^vBg@oOAi@\PjBgHDDdEnVvAxC|@nNqCrDDvCsAvCClF~@dA`AfBFbJpD~GzG~A`Ig@rNhB~H?h@wAbBsABqAgBcBZgAxDcBBsKrDaDrDwZhSt@NmHeQyCnA`A}@kAdBPd@M_@o@ReC~CLxCcB|E{GhHkAzFl@~Nx@xDlBtD|AbHjDnEaCsCqBqEYwCu@q@|AzCnD_D	54	9065	MacGregor park to westend	0	17	FALSE	2	Ride	2021-02-06T05:07:53Z	2021-02-06T15:07:53Z	-27.562074	153.076924	(GMT+10:00) Australia/Brisbane	323.4	0	FALSE	Ride	5062068675	5062068675	36000	followers_only	10	NA	NA
3	37641772	1	3	20.8044	0	FALSE	FALSE	30.257900000000003	7702	18.6	1.4	-27.410315	153.060948	7b6b992d-8fd6-482c-bd4d-77f2c57c8c37-activity.fit	FALSE	FALSE	b10387460	FALSE	FALSE	FALSE	4821920845	4	FALSE	a4821920845	2	`thfDydfe\COUE@Ub@q@d@gEf@yBAqBY}BiAqCkCmEu@_CuAiBsEyJaDwHsAyAuA]cAwEB[j@e@C{AAWe@s@T}Ao@uNIg@k@_ATaAAiBsAuTk@gCcAsAiCoB}NeOmAm@y@EcHx@}Hd@sEFcBi@qIr@MWm@kGc@wKq@mCy@_LaM}EYAk@\g@lAmALgEs@qIgC{GyAqGYsAYoAr@wMlBgCJyDOwGeAmIoDoD}@gKo@kI`@qCSo@m@AsAXq@z@m@TFR`@d@fEB`GG`@YRO?QWs@mBm@YmCWuD}@sIwAcIg@_I`AcBfA_EfB_B|AwLzI_Br@sA`BqC|BwBz@iBtB_BlCcBnFe@bCk@zGe@`Be@vCgBpTaAtGsC|GeAvAwFhE_GzByGdA_YtC_RfDkDvAIXHd@YWyB]OYFi@MYgBoBc@Ic@J_@r@XXNUFiBMo@L[S[NoA[i@JUx@VxBWrAZdAj@j@MXq@|AoAx@H|Je@v@c@`AOb@T`B?h@ZnBc@tADhA\vAe@lATbAE`B}@Zi@`@{AzEmAr@u@nAa@l@eAh@G^PR`@?`A|Ax@fBKnCyCjA{CNgALeC_@uBSqEVkBv@wCFuAIy@^eBQqBiBkGn@sFIwAAgEv@oEhAkKv@sCLgCL[\UnDu@~EsChEgIzAmHEcA`@aAUwEJs@KK{MqAyQmJ}FiAa@WmEMyJ{@{J~@c@KaAw@[NsE|HmCrKi@?wCgAc@JqB`FwBvA}@~Bj@h@`AAlErAXIj@qDfBgF~DwOjDmGh@k@T?v@`Ap@PnJgA~Hx@jIZp@RHb@xCj@pOfIdCz@fW~Bh@TlEL`Aj@\Sh@Hf@d@~@WlDl@~An@`DQ|Ht@`GRnFl@POAS|EVC_BZaE~BeBdBeBHDdAq@jKcJxA_@nE`@r@Uv@@bFqDh@FrA|@r@x@xCtEdGpKpH~K`CbDbCdCbB|@fj@tTt@LlAp@hFxApB~@NvD`@hFr@zCb@nKl@lFTj@dIs@nBf@|EMlHa@hHw@fAFt@b@`BpBjKhKlEvDl@rAV`BpA`U@nAWtAj@bAt@|OUzA\p@N`BG`@k@h@P`Ax@|CtAVp@l@n@fAjCtG^d@X`AnDxHjA|A^pAbAtBdBjC|@`DLfE_@|Ai@bFm@j@DCFZKVHx@w@|K?I	37.800000000000004	5236	Toombul to Nudgee	0	1	FALSE	2	Ride	2021-02-21T05:06:02Z	2021-02-21T15:06:02Z	-27.410729	153.063332	(GMT+10:00) Australia/Brisbane	41.1	0	FALSE	Ride	5144436785	5144436785	36000	followers_only	10	NA	NA
21	37641772	1	1	24.973200000000002	0	FALSE	FALSE	61.8813	13372	28.9	4.3	-27.43324	153.032961	5e5b9bf9-79d4-4b8b-b2e8-6dd86407c8e2-activity.fit	FALSE	FALSE	b10387460	FALSE	FALSE	FALSE	4863182576	4	FALSE	a4863182576	2	|~lfDahae\mSoBB{AwMgNcJ_A{BXm[wEcFFqIgCkD}BuAcC{CeKg@]?aBs@cCoAo@t@uLiDaAt@yK}SiPmAiCmAcADwAwBeCl@qDdAiBbBwWe@Tp@kBpAoIBsDQiAsIwO{J}TqAmBgBm@e@gB]uBh@s@CoBa@q@V_B{@mOo@mARwCsA{Uk@eCkWsVqTzA}DJ}Bm@_Ip@eAmHa@{Ju@cDk@eKiMuFaATm@rA}@NkWmGqK_A}Av@oMjB}H@sHmA}NmFoIi@}J^eCWo@m@CwAbBuA`AhE@xGYz@g@GwAmC{\cFuI`AyH~D{RnNqElEqCrAyDzFaCrIoHho@mE`J}FjEsG`C}t@dJyC~Ar@~A\dBuA~CiCaE_FSsFfFsBzCsArDcBlJmAx\i@|DQzQ~@r]IfEsD|LwBnDwCtCqIjEqKt@qJ_@fB`Od@@YWmAXJz@]mE}@qC}KoAoFr@uBeAcBgCoAYuYtDsG~Aq_@`N_BjBcArCYzIgCUEXaAcAuEDs@q@sChCkBr@iC@kAu@QwDaNzD}FXyEo@}QaFuKmEeJcKgPwGwDmDkJyMie@i|@wB}BmEiCfAiBtBq@h@PHf@[d@wA_@wbCgdBoHqAqAoAJh@|Ap@rGfAzcCzdBhA??oBhDq@rDBT|Bg@}BiD@aHvBaBzBpEtCfCtC|MhUnRx_@~MjRvFdF~MhFhIlJbFfC~\pIfIOpLwDd@\AjCnAdAdDEjFeE`Az@zE?|AlBpAcCp@uH~CeFxh@aQpYiDtAj@tAzBbB~@fBBdCs@vL|ArAxIa@WPq@hA[`@To@C}AuNhK\rK}@nCaAfH_G`EiHxBgJ{@eg@NqLv@_HhAg\bB}IbBgElHiIbAa@tEf@hAjAt@dBdAaDeAsD|CeBhu@sJnE}A`HcF`B_CzBsF~Dw`@vByNtBaHlEgGlCkAbEgEjS_OpHqDtIy@~\~EjAlC^J^q@KuH_AkDaBfBH|@l@h@fOGnJv@~MxElHnAdHB~MkBfB{@jK~@rWlGh@AdAgBv@OlMxFj@bKz@jE^bJfA`HjI{@jBh@nZ}AjU`TtAvBlBfZ]fBr@tAv@|OWvA`@f@NjBo@fAd@tB`@`B`Bb@nAbBjHvP`DhFdErI~@`D@vEk@fBu@lF?zGoAzOsApDa@bD`C`CQfAxCxExNjK_AfOhJfAw@~LhAn@tG|TpB~BlKhDz@x@~EKjKxBjRjAlJ`ArM|MJdBxSrBaAzM	48.24	8920	Windsor to Houghton highway bridge	0	6	FALSE	2	Ride	2021-02-28T04:43:33Z	2021-02-28T14:43:33Z	-27.432511	153.035288	(GMT+10:00) Australia/Brisbane	191	0	FALSE	Ride	5187518857	5187518857	36000	followers_only	10	NA	NA
19	37641772	1	2	25.6716	0	FALSE	FALSE	52.7087	12500	19.7	4.3	-27.410335	153.060535	778c1ab1-abd8-4f45-becd-2aac59865527-activity.fit	FALSE	FALSE	b10387460	FALSE	FALSE	FALSE	4904458859	3	FALSE	a4904458859	2	trhfD}{ee\^uGg@c@\i@PuD|@}CTeDeAaDyE_K_AcAs@Va@qCoB}FcEgJ{@kAgBs@}@yEl@q@CcBc@k@TmBaAwOo@oAViBiBaYmAcCyT_ToAYmSfB_EB{Ak@uIp@cAsHc@cKs@wCw@wK}LkFiA\o@|Au@BwVcG_LcA}B~@aMdBgHCcHgAgF_CmHqBaLg@kIb@wB]k@o@AmAr@iAn@Q\h@\|C@~GYl@g@Me@gBe@]wR_DkM_AiFdA{G`EiO|LmBt@sEtEyClAoCvDu@|AqBxI_@tFoArGqA|O_BjMiElIkGtEgG~BmGfA_[xCaQtC{CjB~@lARbA_BbDUM[gBaAcAmFQgIxIsB|E_BbJgA`\o@vDMdRx@|^EdEcDdLaC`EwCxCuDbCwC|@kKj@yJ[~AvOb@E_BSWd@Td@NY_@eDgAcDqLcAwBp@iBIkB_A{BsC_CUw]~Fg`@|MkBnAyAvCc@rCI~FcDALDg@{@uEKq@g@gFvDaE?iAeAEeD_OhEmGJi^gJuFsD{FcHuDoB{GwB{GsEoLuPkOa[gSw]wBcCoEkCL{@n@s@xCs@Px@c@\}Ak@ebCkcBmH}AmAq@C]~AfAxHjBtcCndBr@EO{ATQfDo@jDATzBa@OGaAeAi@yCVASyFhBe@Zk@zAnE`DnBvBlNlUhSja@rMjQtBvBjErCnKzDfJ`KpEzBl\lIvHE|MsDf@XAjCnA`AzCD~Ay@hCgC|@j@dFFX|@PFCWFb@d@PvAeDDyCj@kCbDgE~IuDfZoJ~SiDjGi@`Bp@rBvC`Bn@tEy@nLvAv@lDTtD[{@RQlBAq@W{AoNtJd@pK_AxCaAtDgCjEyEfBkD|BaKJ_FaAq\VeSj@qDdA}[tBsK~BkFfGiGfAe@zEn@`AbAh@fBnAqCa@oBtBpBoCaBUqAfDsB|PoCt`@mEtEoA`EwB|E}DhDoHbAcHjBgUlAkGt@sHxBeIvDqF`D}AfEeEzBkAhOkLlIaEtHs@hMxAlOnCzAnCd@y@MuH_@oCWQy@Zk@rALx@~@p@|MWrJr@`EdAvHbDhHbAlICxLeBfBw@lAh@tHZbWfGz@Cv@{AfAWpLzEZb@d@bKt@zDp@tLv@|EvI}@pAh@pA?lX}A|UnT|@bBb@dCtA|V[rAt@bBr@zN[lB`@j@DtBk@n@x@`ENb@~A\vAbB|CpHjEvJtA`BtDjIxAfF?~Cg@jBWjEc@nAu@tP	46.800000000000004	7392	Toombul to Houghton highway bridge	0	13	FALSE	2	Ride	2021-03-07T04:45:27Z	2021-03-07T14:45:27Z	-27.410502	153.061911	(GMT+10:00) Australia/Brisbane	126.3	0	FALSE	Ride	5231651260	5231651260	36000	followers_only	10	NA	NA
41	37641772	1	2	22.503600000000002	0	FALSE	FALSE	39.7797	11044	28.9	1.2	-27.433281	153.03297800000001	54e96187-4af1-46fe-ad8b-306189789f69-activity.fit	FALSE	FALSE	b10387460	FALSE	FALSE	FALSE	4943246071	3	FALSE	a4943246071	2	`}lfDoy`e\x@sMaPiBoB?@_BkK}Jk@oAa@WcJ}@i@ZwAAwVaDaCu@iCVwASoB_AoFqAmC{AcBgCiDeLk@c@B_Ay@iDiAc@BgB}C}@dA{OHkEeTaP}@_CiAkA@o@q@aBgAeAv@cEx@oAN}Ah@uJh@wCGs@R{CGS]NNf@BkA^m@dAmIKsD{@eD_DqFk@mBgAkA[f@MG`@YEYiCoFcFyL{AoBaBm@aAyEr@s@GoB[s@P}AgAiPi@_AZkAA{@}A_Vc@{B{@uAkFqEoLqLq@_@gAEuRbB}DJsBi@eIf@{@sGc@_Lq@wCm@gKY_@uLwEw@L_AfBm@J_Di@kRcFgIc@qA]eBv@uL`BgERoCOqHmAgHcD_E}@}Hi@wK\oCWo@m@EeAn@iA~@_@\^`@dDGjHWl@c@GmAmCePwCkLaAmBFqEx@sHrDePfMkB|@sAbBsBbBkC|@{AzAsBdDiC|Iw@bKS^oCpZ{@xFgC`GmAbByFdEoFxBuc@zEoPbCkD`B_@|@_Ce@O]Lw@sBgBmAA]n@ZVj@{AA]WYB_@[g@RwAWg@rE]zCx@`D}Bt@FbGq@|BDjBq@d@RbBMx@d@~Ae@tA@hA\xAc@tBXnB_AfA}BhF{AvBy@dAsAhARBrAhBv@hBc@`CiC`AiCJ}@FmDo@mH|AwFAqC^_B[qCeB_Gp@iFS_H~@cFz@uJnAaDJiCxEwApE{ChEeI`BqHEq@f@qAUwELw@gNwAkQcJ}I_CkDEsJ}@yJ`Ay@Q{@q@a@^{DrHqCnKWNwCmAq@?eCzF}@LaB~CMp@fC}Ed@SnBgFr@K|DdAnCcLbFgItBjAzJcAnS|AvEfA|N~HhDhAnsAvKPCf@qHnE_ErBeAnJqInAUvEd@~AUhFuD`ANlDjD|QbZlHpJtDlBfw@zZTf@ZtJp@tCh@xK`A~GlIq@fCl@fYmBjAj@lThTd@z@f@lCbAdV_@dBz@fBz@bOQxAh@j@JvA?^m@r@bArEHZxA^rBhCnBxFh@h@~DbKbApAn@vBlDlGd@fBBdEk@hBM~D[bAPx@WvEc@zCs@zJWtAo@vAe@dDfBfB\n@Ax@fArAdAdCpN~JFjA{@dMt@XfHb@_@tMpAvA~F`S|AvB|CjBjG`B`Aj@xANrCSvBp@zGdAhMtA`BDl@UvIhA|IhK|BdBHjA|B?pOzBDdAw@rK	42.84	6364	Windsor to Nudgee	0	20	FALSE	2	Ride	2021-03-14T04:14:39Z	2021-03-14T14:14:39Z	-27.433026	153.033081	(GMT+10:00) Australia/Brisbane	104.3	0	FALSE	Ride	5272613916	5272613916	36000	followers_only	10	NA	NA
6	37641772	1	4	23.3748	0	FALSE	FALSE	62.146300000000004	14694	28.9	4.3	-27.433165	153.032981	c9e2d8b5-e083-4572-b3a8-8d399980ce8b-activity.fit	FALSE	FALSE	b10387460	FALSE	FALSE	FALSE	5023209192	3	FALSE	a5023209192	2	j~lfDm~`e\d@oH}SiB?eBoM}MwJgAiCRwZsEaDNwKwCyDuC}EkNk@k@Fo@}@qDeAk@h@wLkDc@r@kLkTkPcCiEXwA_CeCjB}GtAuQNgEY[hB{JCqDs@}CsE}JgAkAk@f@ReA}JkUkDeC}@mEp@q@e@_DVwB_AiOq@iATcAYoHs@uMm@yCmWwVqTzAuEFiBg@aIh@iBeUy@gDg@mJ}LmF{@Ls@~A}@LqVcGyLcAqAv@aOpBwGI{GiA{NcFwJu@qNJk@q@IeAbBaB`@b@^jD?tGg@|@kB}C{ZsEaKr@mI~DuRlNsEnEqCpAiEjGaCdJcHjn@aFhJgF|DyFzBgu@fJkDnBh@pARtAgA`Dc@E[uAmAmA_FYcFhEuBxC_BnE}AvJeAz[i@lDQrSp@`c@kBhIcEjH{HjG{C`AyK`AuJ_@jBnOb@EsBELdAMsCaAkEwLqA_Fp@aBu@gBkCqBk@aTjCiLpC}UzHsIvDsA`B{@dCOnI]n@{C_B{EGu@k@oFvDqDDuAaAAkC[YwM|DuHB}`@wKqL}LqM{EwDqCkLgOgQm]oRq\qCmDwEsCl@_BhDaAXt@_@j@cBq@cbCscB_I_BgAeAlBvArFx@tAv@hbCrcBhAMM{@q@@n@_@lFaArBJh@jBYNLw@_@iAqIv@wD~As@dBvHrFfOtVbWzf@~MxPrPrGjHtI`EbC~\lJdJJrNcE^ZAvCzAdAxCIvFeEj@l@bFAn@rA?k@v@v@dA}Ap@wIjC{D|JcEfZiJb\sEpAZnBpCdB~@pFo@zKtA~@|CXzD_@a@Lc@tBU]j@Se@aB}N~Jr@`LkAlC{@`FsDlFmHvCiLHaFcAaa@TiOl@yDhAc\lBmJrAqDbH}HjAk@rE`@nAjAj@jBzA}CoAaEhDcBlt@aJzFuBxGgFhEsI~Gkn@hCuJlEeGfCgAdEcEvSeOjHoDlJy@d\bFfBrCf@_AEaHg@kDYM{AhBFv@n@p@hPIxHr@fOfFnGfArIE~LcBzAy@lJz@~XpGt@Sr@{Ar@KlMvFf@hKl@xBh@fL`AfHnIq@xEf@fWcBpUjTfAdBb@hClAvUS|Bt@|An@bOOdBb@r@BjBi@\Aj@~@~DpBp@bApAnHjQ~InP|@xCLvEeBbJYzC\lBsA|OqApDc@dDxA|@l@~AQz@xCvEnNlKeA`OdJfAm@bMjA~@nGfTlFvEzInC|ES`L`CtQrAfKhAjB|CjIpHJ~@xS`C{@rN	43.56	9572	Windsor to redcliff	0	3	FALSE	2	Ride	2021-03-28T03:48:19Z	2021-03-28T13:48:19Z	-27.432572	153.033794	(GMT+10:00) Australia/Brisbane	190.5	0	FALSE	Ride	5356438001	5356438001	36000	followers_only	10	NA	NA
11	37641772	1	2	23.832	0	FALSE	FALSE	53.087199999999996	9825	19.7	4.3	-27.410567	153.063216	9547e00b-04c8-496c-be53-a59105bdc615-activity.fit	FALSE	FALSE	b10387460	FALSE	FALSE	FALSE	5053403416	3	FALSE	a5053403416	2	rrhfDwyee\TwBTeFUa@d@w@ZiEh@yBOwE_GmNmAoAo@`@TEe@{AiIwRcA}A{Aa@k@eBe@wCj@o@IuB]k@VwAm@kOo@}AZwBqBcYiAuBkTqS_Bc@oStA_EFkBi@oIn@oAcIYcKi@yBw@oK_MuF}@P}@|Aw@FqU}F}LkAuBx@iL`B}HF_IqAkIiD{D}@oHm@wL\iBSk@a@QcAX{@~@o@j@h@b@jE?~Fe@f@oAeCw@]_UuDeD]gDJwEx@_JfEkOlL}Ap@_EbEwCpAqCpDcAnBuBbIo@fHaGhf@aCvFmA|AqHjF}FbBct@zIuClBbA~AN|AsAtCc@QYoAaAiAsEm@aA^yGtHmBzEcBpJiA|[k@vDSnTv@`\KpEyAzGmBrEeAfBkDhDiEfCkCt@sJz@cK[`BfOPTX]mBn@Ff@@iAyAwG_L}AiFv@aBs@aCeDcC[qZvEed@bOeCxBcA|B_@zC?tFUEZOwBVe@M[y@{EM{@m@sFbEaD?{AcAU}CyM`EsGBuDo@s[aJwCmB{EyFaEeCgKuDwFcFcGwHwEqHkG_MqD}IsSk^oBwBuEwCr@yArDgBlDm@jD@VfCUaCsCIeEt@QNNxA_AFgdC{dB}GqAiBcApBjApGhArdC|dBx@GFa@_@q@\YtDs@fDBP~B_@iCsDLmH|By@r@]dApEzCfCnCxMvT~R`a@hMpQnGfFjJ~C|BnAbGtH|DjCr[xIhDf@dFC|NmE^^AxCbA|@~CCtF_Ex@p@dF@r@fAAa@Pn@I\vBaBIiBYq@xAwFpAuBdBsAhd@_O`[yExB\vBbD`Bt@~AAhDu@pKtAz@hD\|CSVUc@Ni@pB?QX]O_BqOxJf@jKw@pC}@|DgCvFoGnB{ErAwGHyEaA{\LgQt@eGdAk\fBaJjBkElHeIp@Y`Fb@bBjDTHvA{CSkAaAoA@k@vCwAtQsC`b@wE~FwBnGwElAaBdCyFlDo]jAuGp@iH`DiKhDoEbCeA`F}EfBw@nOqLxH{D|Ew@rD?nZfFrBxCf@_AO}Ge@mDc@W}@`AMz@f@jAr@VvMWxJr@hNbFlHhAzH?fMkBdBy@pAb@hIf@~VfGt@KbAgBv@GdMzFd@tJx@tDb@bK`A`HlIw@nBl@zCGtSaBlB^dTtSrA`CdBvY]dBr@tAx@bOStBZZHx@@t@k@h@Cl@fAjE~A\tA|AxJfUnA|Ab@~AhEpI\~FoBtL	55.080000000000005	8019	Toombul to redcliff	0	2	FALSE	2	Ride	2021-04-02T04:10:11Z	2021-04-02T14:10:11Z	-27.4105	153.061561	(GMT+10:00) Australia/Brisbane	128.9	0	FALSE	Ride	5388073679	5388073679	36000	followers_only	10	NA	NA
13	37641772	1	2	20.988	0	FALSE	FALSE	48.7511	12266	39.7	5	-27.433271	153.032863	e5795867-8ee9-445f-890c-f63ffad27d7f-activity.fit	FALSE	FALSE	b10387460	FALSE	FALSE	FALSE	5105804198	5	FALSE	a5105804198	2	b}lfDey`e\lAkMdJjG`EGrCdBhB_@|AeC|@Y`I`IjAzBrEzErDhGzE~@~F{@tAhCMlBYV[[j@oAhDyAfCtExBl@e@xHbGt@bAvBzG^\nFZZg@lDh@_@vBfBdAdGhAzB|IzEpGrA`Ih@Bq@sCyCjA}D`BBfFlHhBzEj@|Gh@nQbBlEzAzA`GdAtF_H`BTjD{@vCkDpAmHdCkDrEgFvCLvArAMzBlG`Ig@RHV}BnEFlCVVVvP~@zDtA`CXxCbCpFxAlAfZna@lEfDrMlObMrLfVfNnAhEjGlH~Ep@t@{BlHz@tBoAhGBlBqA|AkF~A\xE_IDi@cAo@Do@z@oBnABlA}AsBiBPiGrCyCqAqGgCs]uAwJFwEa@}GX}@a@_Bb@eElAcEfCwEfLmKtIaF~HiChG}AbC`@xAnBjBdGjEn`@gBnL}@nAeEnBdK`OpAzDbCbBjBlJ`FdH`@zA?pHg@~CgA~BwJ`JAtIW|AaAhDyA|ABdIo@`EzGnEcD~Ti@vQAtBd@hBtFlNm@dKeBhJF|@~FpEjOfFlAMwCg@m@jBnE~KzInFrC`@jAgAt^zBrJYtK{Cp@sHf@}AlFj@dAqB`JdAjAMnC{ZFoBWUol@bS}BKeGhB_E[oBpEePWxEim@hIsItBMxIoJjB[b@yB~SmTrNiRrBmBdBW~B_BnBiCd@mDuAsM`@_Hm@kShA{Ku@eF~@}BJiBYoGUiAQhAUo@w@Eq@y@QFFz@UMh@SU@@h@v@vARhC`@t@`@JEYG|@jAYo@bH`@pE_AlKf@`TWjGjArL{@lFmEzDoDx@iJtMkP~QaIpHgC`\eEo@lEh@eBrR{ZhJkKhF}BxAsFRwNwEeG{ECgB`B_IV}JkF_O[aFv@qRnCqRUcAoKkEiIqBqHlAkAzASrAm@Dae@_W{CLmCzBeAs@kC]gCvA_Is@o@nBmG_BeFyGkAaEoMwG_H_FoK_KaNsPcFoDi]md@}A_Ek@sDeBkCeA_Fu@oOH{Bd@iBfAiB`@CUOTDsEkGTe@g@_AKyBiIk@e@dBeEhFcBnI_B~B_DzAmDY}FlGkDIcCmA_CoGiAaVg@sD_B{DsEqGkAGy@bAc@pBpCzCIz@}Bq@aFSyM{D_DqCmBeJi@Mc@gA{@~@V{Bk@kIaAKBWkCLuCa@W_@BqB_G]j@aJ}CQyBcEuCpAm@tARVj@cCeA}BqB?qCt@kF}@eAaAwBmEqHiJgAm@uEwFy@DkBvCoAf@{DwBkDFaDuBc@zFmE][nC	55.080000000000005	8362	Windsor to QLD tennis centre	0	1	FALSE	2	Ride	2021-04-11T03:35:24Z	2021-04-11T13:35:24Z	-27.432956	153.033013	(GMT+10:00) Australia/Brisbane	355.3	0	FALSE	Ride	5442949629	5442949629	36000	followers_only	10	NA	NA
23	37641772	1	2	17.0676	0	FALSE	FALSE	26.121299999999998	9193	41.6	2.8	-27.46831	153.048107	60f92c93-5d50-4f21-894b-237f3c836ca7-activity.fit	FALSE	FALSE	b10387460	FALSE	FALSE	FALSE	5420915367	4	FALSE	a5420915367	2	ppufDo|zd\\OML|@jAKx@]f@u@E}F_HkIyLyD_HkCqDiHgN}@yBS}Bm@cC{@yBI{Dh@}@Ga@Le@xBkCb@}@vIoFGCtAq@dAAxEoDlDmB~@_AvIaFzAoA|AmBlAq@bE{@jBeA`Ce@h@q@ToB~A}@ZF|@bBRBRe@^r@NIx@qBq@}CJ_ASuAMmE^aCJ{D[qAUuCg@I}@cCi@s@}EoEiAIwGaDaB?s@y@aBe@qF_@oEx@wDKuA`@{CXwCe@uABsBQyAF{@Vk@GoA\eDB{@Ko@HgEAu@]sCGQ@_@b@qBJsAi@q@cAY}@?wBRiAj@cAxAsAbD{ArBk@lAEl@a@nAWdFW`Ci@zFi@x@HjAO~CmBJPITF`BMhDWVeDLIZ?~BJl@?I]^kA`@sI]c^\iO@WKt@sAJsB`@uBxFoIT?jAx@AVFDnDX|@w@dBi@jAcBjAi@bFE`HkAtEOjD{@PWQy@L[d@[bCm@J][W@W`EeAtEgBrD}ERg@M_GsAoFeD_LoAqBmK}JbAiB@Q[Wd@oAyAsBaGaGWEm@d@U?Yj@kCcDi@U}@@_A^uAjAi@DyChCyCdD_@F}BdBiFpCyCx@k@f@{Gz@w@c@qNHmMc@{Dt@aE~A_@C}EvCmCt@Uf@BMBRbB`BwN~JgAE}DpAaBJeASe@yBQUuCJaEjAsANcGSuBk@k@FO^KfGUlBUXg@W{@s@qAmB}BcCCWb@mDAiBUy@qAsByCaDUm@SgABgBKeD}@kE]_Di@gVLmBpAuFTkBRyOSiEeAoHZ{@JPXB\[lBoMv@eDIKz@gAn@}DHgAQw@P_BZkA\?q@bA[tBNz@]`BWKwAcBIAFDMROIfAk@m@Tr@RiAa@`@FFVdBdByCrMq@`Gi@hC_@n@s@PGP`AzGRjDO|OW~BmAdFOjBf@`V\vDv@`DVtE?tBPhAf@bAhCjC|@xAZfAH`Be@lErCxCnB`Cx@`@`@i@X_JTq@^A`Cl@rHFhFwAjCGX\d@pB\JvBIvDqAzAC|FqDnCiB`B_BAOeBuATe@rDsAnJcEtGgA~F\`AKhPP|ATxGw@h@i@rC{@nE}BfBwAdB}@`CmCdDcCl@K`C}Ad@CnAX`CnCNCl@cALCPPh@C|BtCjC`CjAnBi@pANh@mJjM{DbG_Aa@	34.92	5510	West end to new farm	0	8	FALSE	2	Ride	2021-06-06T00:32:43Z	2021-06-06T10:32:43Z	-27.476726	153.005684	(GMT+10:00) Australia/Brisbane	92.2	0	FALSE	Ride	5772007257	5772007257	36000	followers_only	10	NA	NA
44	37641772	1	1	20.9232	0	FALSE	FALSE	9.2065	1700	9.8	5.2	-27.469843	153.104301	736db142-5124-4864-875e-2830e68008b7-activity.fit	FALSE	FALSE	b14034016	FALSE	FALSE	FALSE	5603005024	2	FALSE	a5603005024	2	|_tfDeume\B@[AoFu@WIQMo@_ASg@Mi@k@mDOeAMqA]{ECw@@KPc@HGb@Kb@AjAPtB^jFr@fAn@\XLTd@bB@j@SdCC|@D~@R~ADn@@ZGx@Id@OTSNUHW@kH{@{@OUIUOg@q@Uc@IYy@wEw@kIGcA@[@MLWPOLEXAhAN`BZpAPpD^RHfAl@^f@l@tADXMfC?AGvB^~CDt@KrASb@QNUJg@Be@C}@QcEg@iAUUMk@u@Ua@Ok@{@}Ek@uGIsA?g@FYNUHEVIX?|@BrEx@z@HbBVVFv@^XZR`@d@`B@bAKvA@@?HGd@?LD??q@B_@Ly@@[CYOq@Eg@Og@MW[a@UQkBi@}HcAkAKWAa@JIHMTG\AZLnBb@bFPpA\nBAJBEVhAPh@|@xAPJp@LlE^nBXVBJATGTMNSPg@D[Fg@@[Gy@]iC?[LeDEeAGO_@yAUa@_@Ym@[WI}HcA{BUWAUHSNGHIX?LBv@h@xGXrBz@tELV^h@`@d@HDVHXDvD\n@LnBNV?TKNQLUHYHi@Bw@C]_@kCEg@RsDEi@MoAWs@Wa@k@c@k@UkDi@uFq@q@EWDULOTELCX@VPjA@dAXvCb@|Cp@jD\l@V^ZZRJhATnHx@C@JCFCECMBQAmDa@_BWsAQWIIGw@kAKUOe@k@uD[_CKqAQ_DGg@?WBQDOFIJKNEb@E|ATz@F~AVhCZn@DJDbAl@TXZl@Rp@H`@BZEjA?K	29.664	1584	Murratie recreation park	0	18	FALSE	2	EBikeRide	2021-07-10T02:48:11Z	2021-07-10T12:48:11Z	-27.468948	153.10179	(GMT+10:00) Australia/Brisbane	45.9	0	FALSE	EBikeRide	5961842577	5961842577	36000	followers_only	NA	NA	NA
124	37641772	1	1	19.8936	0	FALSE	FALSE	40.6343	7806	45.3	3.7	-27.449633	153.027498	d1645c09-5b78-4a34-a243-e147dfb8f850-activity.fit	FALSE	FALSE	b14034016	FALSE	FALSE	FALSE	5639539798	3	FALSE	a5639539798	2	`fpfDed_e\]}@hCu@IM{@_@aCp@qDwBSy@B{AwBqB}Ac@ORF`@e@NKQNaF{Bg@oCyDeDfAc@t@DTXYNuAQcAq@y@s@GuDj@uEq@aAe@kD}F_DwCgC_EaDuCyBwCo@@wBnCaAf@gAKgCcBmDFcIcGkBc@yQ}AAwA}JmJqAsBeKaAsBPuMuAsLgC}BZyAMoIoCgDwBkBeDeCcJw@o@@kAw@uC_A_@VQl@aJQUFu@kAIsA_Ad@kJIY}SeP}@wBkAoATg@y@iBcAcAd@eDx@{AZeBDcEdAkPKc@t@gGf@}A@yE}@kCmDkGa@uAiAoAm@`@CUNRH_@Eg@qD_JmAmBoCsGu@u@yAc@y@yCO_Aj@e@@YM_Bk@i@LmBg@oOm@aB\mAEoCiAkSo@}BmU_UiAk@cSvAkFH}Ak@gIn@gAoGk@iL{@{Dk@iJq|@m^gF}F{Tm^eCiCsAc@oElDcC`@wEe@yA`@gIjH{I~Gg@lGYTaEOa@XwYmBsALiGwAmAT}@q@_ADk@]yEKiXmCwCcAkNqH{G}A[[gQmAiJfA{@KqAw@oFbJeC|JeEaA]VyBzESD]o@D^\DzBsDf@Y`Ef@nCqK`FaIbBp@n@D`LcBdPjA`@r@jFlAdIfEzHzCztArLf@eGbFyErMmKzAc@xEZnB[tEuD\Ir@`@bCzBnTx]jGlH`|@z]`AdLr@dD^fKv@fG`Je@rAf@lDC`T{AjAJvVfVn@rCjAxVYhBt@lAt@rOShBZ^JfBm@n@v@rEN^`B^rAfBxJ~TfAnAn@rBpC~EhAnE?`DkAnI]r@Xd@SrEg@fDo@nLu@jBm@vDnBjBA`A~BbFhOfLaAvNpIbBMh@W`K`A`@nA~EhDpLxAdCdDtBpLnD`DUjKxBv]jClBlC`JdIR|@nRtBpKvHrD@`C|AjAHz@e@|AaCfACfEdFnA|@p@rA~EpFbEpGzFhA~Cg@bBF`AfBWjC^eBhCmAz@bBrCv@Z~Ea@zBbFXbAhDtDp@`At@x@MLd@AfDVb@IhDbA[xAtArCvJ`DvBtEnBzF`BtAEzEr@nAh@Zd@vAnG\pHPrJc@EuMpD@lCo@xFHp@_B[ZAx@t@j@wFOkDzHoCnEkAQwB?mFcA{Lu@aD_Ay@cIw@kIeCiGeD_BeDw@yDsAeBs@IYXJiD[a@QyAy@AHZPHIg@d@h@A@JBIGLj@Ii@N]	39.78	7353	Kelvin grove to nudgee beach by e scooter	0	63	FALSE	2	EBikeRide	2021-07-17T03:55:09Z	2021-07-17T13:55:09Z	-27.449441	153.027396	(GMT+10:00) Australia/Brisbane	194.7	0	FALSE	EBikeRide	5999952827	5999952827	36000	followers_only	NA	NA	NA
21	37641772	1	1	18.6336	0	FALSE	FALSE	18.9749	4021	83.5	6.5	-27.571477	153.066022	8002ba32-dfc4-4aeb-9dc0-ff68755e53ba-activity.fit	FALSE	FALSE	NA	FALSE	FALSE	FALSE	5788662078	4	FALSE	a5788662078	2	bfpfDkd_e\ACVg@FBMv@j@l@A^QbAK`AHJFYJMRANFd@t@b@ZHNj@bCBH@ARtAx@jCPTbCrBjB|@vKlCjAG|BRfB^HCBGA[u@_AoAmAEMPk@@q@Je@r@iALEV@n@V\~@vD`FrAxDP|ALv@JpA\dBNxFElALvCf@rCv@vBr@lAb@f@RJhC~@`B@HCnBgBfAkAz@qARMp@Gj@^JIVLlA[fBu@fAmAr@aBJg@t@qFTa@tAwA\m@tA{Aj@w@pHiABPMDELRRAl@LOVE@SHOj@Ej@r@PDj@@CCt@`@zBlCf@vB|@zFj@~BVvAATGRQFKECKNy@^[Xw@zBmCTg@ZYlBsArDqB|AgAPIhAGnCoBx@s@~@_@pBmA^OrA{A|AuAnAq@vAi@h@YzAsAx@cAv@m@d@UzB_@NQPA`@UbBoAvBQd@OLOHSNoBXYv@_@XEHFf@l@P^^\f@@b@]p@kAF[_@cBIi@?gA]gAKiAH_BEeAVmCHqCCW[y@@w@Ku@AYJUDLBAE?GIA@RA_@^CJJz@D|@HNPHNf@DBLQLg@l@]t@m@xC_Ap@A\t@ZT^HNIJQl@qBNMpAWt@Y|C`@nAu@tFgBxCw@xFo@zECtA]~Aq@~@o@~BwC|A_EhAgBlAwAlB}AtMsIJANJCvAJL@JI@DBTERmA\_DCLWGRD@g@RiA^i@|@[Jq@RYvJMbCHhBRnDx@`H`AxBJvBTlCL|Fr@nBJtCKdC]rA]jAa@|C{AdAQhA_@|EgC`CmBDKHqA~@cAfAiB`A{BnCiH~CyHxAsEhByEr@{Ar@mA~C}DdCoCvAkAlDcC`@a@nCqB~AsB`BgABa@Gu@@GFEp@AvBa@d@CtDXNCLQ^MfDaCxBcApC_AzBaAlJiB`Go@fCa@tAKrP{BfAJbAd@`@J~@Cp@UnA}@|@a@dIcBxF_AbFeA`EmAxEeBnHuDhDsBpMiKzCqBjCcAjJwEPc@VSHYQe@@O^_@Je@T[Re@bJgHbByAvBaBr@[VQJFBTo@nJBRh@RzCLpE`@fLrAjADfG|@zANx@BVIF@J^GE~@BC?XJ^CE?|OfBv@DLGXL`BTj@@E@lBP~@GpADv@`@pAXxI|@H@QC|@PxB?@Lb@JfCRXIAQFS?Q~BZ`@ERMBa@No@Ik@FoAGWEADJ]U?E	64.44	3666	Herston to sunnybank	0	7	FALSE	2	Ride	2021-08-14T01:28:28Z	2021-08-14T11:28:28Z	-27.449458	153.027421	(GMT+10:00) Australia/Brisbane	211.7	0	FALSE	Ride	6156070723	6156070723	36000	followers_only	10	NA	NA
2	37641772	1	1	21.546000000000003	0	FALSE	FALSE	55.8254	10257	28.7	3.8	-27.433298	153.033035	69dcb8be-aab5-44f8-9fe6-72b79fde6abd-activity.fit	FALSE	FALSE	b10387460	FALSE	FALSE	FALSE	5859970711	2	FALSE	a5859970711	2	n}lfDay`e\~@cNaTgBDaB_IaHkCoDmNy@}MyA_McCcC\gLiDgEaDeEkMs@u@D_Aq@gCsAaAp@iLUa@oCi@h@oK_TePiAiCcA_AFkAm@mAiA_Al@mEx@iB|A_QVwEYc@d@_AbA{HE{DsGiOaAgAa@l@AaB_JwSeA{AsBcA{@kEl@o@IwBa@i@PoCq@eNo@qARsBmAiUq@sDyWwVuSxAcFHcBm@iIp@eBwTm@iCq@wKwMmFq@Rm@vAcANkWmGqKcA_B|@yLdBgIByHqAyNcF_Jk@gJ^iCSw@o@C}@~AoB|@pAN~BAxGo@t@yAwC}[}EsCAaFx@gI|D}RrN{EzE}BbAiEfGaCjJiH|n@kEhIiGtEkG|B}t@hJ}C`BDj@pAnC_AlCm@E[}AkAkA{E[qIlIeCvGiBrNq@rV}@~Qv@di@yAzH{D|H{ClDqErCkCv@}Jr@mKYhB`OXNN[aCZXn@KmD}@oDuLuAwCt@gBIgAi@_CaDiC[_ZtEgc@xNcCbB{AnCk@`DCdGoCZ[wA}EQo@g@uFnDqD@mAcAB{BWa@ePbEaETqDi@y[iJqDiCoHmI}LmE}G{FsMcRkM_XmS_^eCgC{D}Bp@aBv@k@bHgBlBA\~@`Aj@m@WVoB{IbAyD~As@vA`F|DhC|CzRx\vMrXzO`TtFrDpJzCfIlJtDfCx\|I~E^~Fe@jKkDRhDhAx@bDBxFiDl@b@dFGf@bA~@vAnAwAHuGb@oCvAeCjBsAzf@ePpWyDdC\fCjDdAb@dBFpDu@rKxAv@bDTrDe@e@\c@jASZXe@B}AeOtJXxKaAbCw@nEyCbDoDlDeIpAgHw@qk@ViKl@mDh@aVbC_PpB{EzGeH~@a@tE`@rAvA\zATChAwCuAmDjDsBht@cJdFiBtHsFrEsIxG}m@nCgKpEiG`CaAlEmEbSsNfIaEnJu@f[`FxB~C^w@GqHa@yCe@[yAtBJ~@x@h@vNUrJt@jMxEfIrA~HCrLgBnB{@jLnAnV~F|@M~@cBn@G~KrEj@p@nBzQRnIz@rGvIm@hBl@dDInUwAjWlVl@zCpAlVYrBv@bBr@|NUbBd@l@JjBu@t@~@lEfBz@dBzBfIjRjBjC~EpJt@zD@fDoA|He@l@LMZt@uBrWkAdC_@zDbC|BSbArC`FlNjKy@fOnI|A]tKhAbA`H|TnCnC`LpEhBNzB_@tK~BfRrA`J~@`N`NAzAtAKbQzB{@fN	50.04	9328	Windsor to Houghton bridge to test tape treatment	0	0	FALSE	2	Ride	2021-08-27T04:17:32Z	2021-08-27T14:17:32Z	-27.43315	153.032988	(GMT+10:00) Australia/Brisbane	181	1	FALSE	Ride	6230679332	6230679332	36000	everyone	10	NA	NA
1	37641772	1	1	13.0176	0	FALSE	FALSE	33.964400000000005	11743	28.7	3.4	-27.433226	153.032993	efd451bb-2739-4c9f-8e25-49b8e9957d59-activity.fit	FALSE	FALSE	b14034037	FALSE	FALSE	FALSE	5945945491	4	FALSE	a5945945491	2	vqlfDsj`e\mE]SUdAoL`@mGKYTo@\yEqC@AeBmAq@mHuHiAkBoC[gFq@a@T_BEcNyAmHkAoBo@aCRyAOqAm@oG_B}CsBuAoBcDwKi@g@KmBk@iB}@e@z@iKI_AMKiDe@E}@v@_IIq@iPcLyBqBs@kBwAaBB}Ak@gAo@]O]b@yDr@yAB}@j@wBX}G^aCV}E][HL@[\e@TqDd@qCAkEm@cCoDmGk@mBgAiA_@b@Vg@K[qDaJi@g@sCiHqAaBeBe@}@wEJ]h@]?{@G{@c@m@PwAw@sOs@kA\uBsAwUSiBk@uA_UqT_Ai@gAEsH|@{Hb@}DFkBa@oIf@iAmJhA`Jf@HnFa@iFZs@Sy@_Hc@mJs@_Dm@_KMa@eLuEij@gT}C_BiBeBoCuDqTc^{AaBoBy@oFtD}@?k@VuEg@cAZyBfB[n@eF`EcBv@k@t@uDrC_@fHWJkEg@G`@YBcWqBgD?aBi@sDe@iAVm@i@kAF}@i@iEQoCg@uSeB_Cw@aNoHoHiBc@m@_QiAqEt@Uh@NjC]h@}Hp@qCUo@~AwBdJc@@gDeAg@`@_B|DcAz@rAuB`BeDj@EzC`AZOvAiGBTeBbG[DsCeAc@DgC`Go@DFNGFz@e@E[bCeFh@AjC`Al@MhCwKlEwH^WbAdAt@PfKoA`QrAJHKC?PLLjFbArPvIxBr@fRzAvDp@vERp@d@xACJZ`@Pn@]bGdBxBa@nTlB~DRLKKBBOTEtDXNKf@iHhE{DdBaAfFaEvCsCnAc@xEh@nBUh@SnD}Cb@C`@VpCjCzTj^`CdDjBfB~m@~VvM~Ev@rLr@tC`@xKj@zERf@lIq@lBj@bEIhR}AhABx@f@~TlTv@zBt@nKf@hLa@`Br@z@NbBh@~LU|Ab@l@JhBIXg@h@r@|DRh@~AZvAhBhCnGn@v@nEhKz@v@p@bCnCtE|@zBNfA@`Ee@`B_@vE_@l@Z`@W~E]~Aa@hGObFMh@_AvAk@dD|@f@dApAHVOr@z@bAfAxC~NpKeAbOn@d@xGn@JTIXb@DAj@PB?PSKZYUpA_@~FPTl@HGr@|@bEhCzIbAdCjBtBrCnAMCI\|@BtGdClBLpB_@`Ct@`HlArMrAbBF\YpJhAXRr@xApIpIv@^AxAt@GbRrBFf@m@|HfEl@DbA	42.12	9394	Windsor to nudgee on Sergio's bike	0	0	FALSE	2	Ride	2021-09-12T03:15:53Z	2021-09-12T13:15:53Z	-27.432897	153.033111	(GMT+10:00) Australia/Brisbane	72.4	0	FALSE	Ride	6320666438	6320666438	36000	followers_only	10	NA	NA
14	37641772	1	4	20.062800000000003	0	FALSE	FALSE	41.625099999999996	9581	39.3	3.2	-27.344343	153.102451	74aa6261-af81-4a7b-90ba-1ddd98d87e77-activity.fit	FALSE	FALSE	b10387460	FALSE	FALSE	FALSE	5982826824	4	FALSE	a5982826824	2	zdmfDaz`e\l@}G~CvBrDC|CfBlAUpByCz@MrQfSnB`E~A~AlFp@pFs@pA`Cg@tCUm@d@mAnCqA`@?`B~DtCf@f@?NeD\a@~Dh@a@dGj@?Hb@hIfGhB@t@fAg@|DNlBbAdB{AlB|@xGz@pCxC~BjDxApNzBtBr@Xy@gCoDfAyD`BXvEpG|AxErAvOBfFx@nEvB~DpDnAdC_@xEsFvAXlBWhDiBtAyCp@{FfJuKdDh@l@Th@h@jAkAv@pAzBlArBlEpCrNa@`@SU`@sAnE_GtN}HxJiGnGiFdDwAbDoDdFwAlBwAxC]`@e@VqBxAs@~AlBh@S{BqEeFkD_F_GqAY^pAQtAkBpDiLfJgTfL{H`Hg@HYc@bBsBkBtBgBeE_HhEK\`@h@gCtCwD_Bg@d@Ft@eCw@kD^eGtHmB~HcBfCgDvAcDUcFdGkCHoDaB_CcGa@_Lw@aMgBeFqEkGgAi@kAx@g@jChCvCIx@qUuFcCoA_C_EuAwG~@{Bu@iBQqB\gFi@s@yIuEgB[SoALsESa@eEFk@zDyDc@qBcE_DjAk@bAFb@^Se@uE{Ac@}Ex@gFmAsCuFyDkDmBiDuEiEgAkBcADcBfCiAf@mAQqB{AoDBkIeGcUyBI}A{HiHkCmDgLm@_QaBcKiCeFP{ImCcC}AmBiCeDiKs@q@BaAq@mCsA{@v@cMcDq@l@aLcTyOuCsEFoAsBcCf@uDv@{AlBwXSq@pB_KKiDaAwDoGeLyJiUoA}AmB}@}@mEl@y@M_CY]TsBcAiOo@mAZeAGgC}@kOy@}FiAeBmUaT}S~AgEFsBk@kIl@cAuGo@qLw@uDe@cJ{LcF{@LiAdBiA@}UcGuKeAuBz@kL`BsIDmHoA{NiFwJi@uMLu@a@S_AJu@bAaAj@Vh@tDCxGm@p@qAqCyOwCeNmAoGp@}H~DkS|NsEvE}CxAyCfEoDpM}G|l@gEnI}GbFiGtByr@tI_EfBWz@sBe@OmAyAwBb@VS^b@Lw@fA@cAVFC\C}@k@o@mABQn@d@N`@mA_@qBT}A]i@JYhCM`D|@hD}BbMc@tBu@vDn@fB_@xCj@xAc@pBNrBgAdAaCdJwC~@qA`ARV`BtAl@lB_@fCqClAiDRcEg@}HtAsF?sCb@}AWoCkBaGn@gFOaHdCaR~@yCFeClEyAlFkDbEgIzAgH^qC]mGgMkAoQ_JyHwBgPiAeK`AkC_A}E`IoCxKuEaAeCjFcARd@]C}@	47.519999999999996	7469	South Bank to nudgee	0	1	FALSE	2	Ride	2021-09-18T23:05:39Z	2021-09-19T09:05:39Z	-27.433469	153.032988	(GMT+10:00) Australia/Brisbane	193	0	FALSE	Ride	6359299510	6359299510	36000	followers_only	10	NA	NA
32	37641772	1	3	23.468400000000003	0	FALSE	FALSE	15.639700000000001	2488	28.7	4	-27.430495	153.033664	f5c520cf-679c-4176-a5f3-cd406d4f8ead-activity.fit	FALSE	FALSE	NA	FALSE	FALSE	FALSE	5983122004	3	FALSE	a5983122004	2	no{eD_nme\HKR?JK`AgBz@sBLWFERGT?`@Hr@X~@XP@JGJSv@gDbA{DL[^u@jAcB`BwCPUVERPRXTRLDZDh@ClCYdCe@ZCf@Cf@@|Iz@|BHbAHvB^~A\r@Tv@\vItElCzAx@\~@T`NnAlJv@|Ef@dIn@nJ~@jOnAnK`AX@b@IBE@I?@EY@sAEwCDUDI|CmCfAmArAq@xDaD|@m@R]|@o@z@{@n@Sb@?~B^vAPVCTKTGb@@VCTKrAiA~AkAPMRCp@Tz@h@~@|@l@x@rC~E`B~ChCdEbApA|AhCbCvDnAfBfBrBh@f@x@h@bBv@jEbBlGjClDnA|D`BvEbBrDxApAh@TLNN`@Db@LbDtAfChAxAf@TTD`@HnCTrEJp@`@jAL~@R|CNfEp@rGFPXNjBUlCUz@QXDn@\\HvEMfBMxEUxGu@\CZ@\Hd@ZnC~CrEdEhEfElB|ATTZf@PZRn@Nn@Fr@`@`HT~FT`E@d@CPWt@HT`@j@HXR~D^tIAJU`A@JPLLPJlBALONUHGFAR~@zEPPx@J`@Rj@l@r@hA`CfG`@n@Nn@p@vAdBjDDFFBb@fAd@b@NTP^Rr@Zn@~A|CV\f@nA\dANp@Dd@Dr@CfBEVWv@Ib@a@nEINOHCJ?B?E?N@DLHBFSlD?dAUpAK|@ClAQfBK~BQpBKf@KVg@r@CHMn@WzB@HdAz@x@`AHRAVOVCP^ZZ`@Zn@Vr@R^TXn@^nAdAv@h@BB?FFDdAj@fAz@f@Z`BrANPBPAb@KfAOvB[vDEr@?XJPjCVPHJJn@J@F`@?~@LBHCHC\CE?BJT?p@]fEE`AB^HHXJTPDJl@bBh@|BVp@`AjD|AtEVj@nAzAb@\jBdADJHHR@HD@Fd@Fd@Ld@Zp@D|@VJD`@VRHZ@d@H^@d@Ez@WZ@tA\f@Tz@FjCh@^DXJJ?ADLFP@FG|@FhCVjBVHCt@Jr@RnBPRAPQN?^J|@P|EZn@HLFVTh@hA~ApB|AvAdCdCVRVJHHBZGn@BHBENChAB^FPFHNBf@Gx@Mx@?h@GdAUhBOpBKp@C~@MdAIdBMtAGTIl@AXBNBBLDXB\H\Dl@ACA	39.6	2399	Nudgee to windsor	0	1	FALSE	2	Ride	2021-09-19T03:41:05Z	2021-09-19T13:41:05Z	-27.343437	153.100643	(GMT+10:00) Australia/Brisbane	41.4	0	FALSE	Ride	6359610358	6359610358	36000	followers_only	10	NA	NA
4	37641772	1	1	6.8436	0	FALSE	FALSE	7.503100000000001	4006	64.6	16.6	-27.449569	153.027376	2836da80-653c-4da1-aa04-4233d9d63d9d-activity.fit	FALSE	FALSE	NA	FALSE	FALSE	FALSE	5992949989	4	FALSE	a5992949989	2	pgpfDgb_e\a@uAKGVK@@Cb@B`@PXRLAd@Gj@EH@LQp@CT@HB]LYHATDXRTr@d@XVZXjAN\PdARVBRHN@VLVPj@HPDXFJb@VJDf@f@`@VNDHHPBLFd@b@f@LTHTDVPN@j@TL@VEp@FR`@FBb@DXPNB\@|AOj@@`@Hv@\F@VGH@TNt@Rf@VFFJVHn@TXPp@Jr@Nn@NlAE\HtABhBCTDNHJDJ@h@Kj@Al@B|@Fd@?t@Hn@EHW@YHw@\a@X_AZg@VYB[Lk@B[LI?]NCDSJOBg@?MHu@NgBDOMWIa@EK?MFMGEICSN_@Fg@c@o@MAGGc@k@GEMEq@KKDGAUNQGOMYE_BFa@Jq@`@CFCNIFSZAHQPUDGFUFIHUDCFYN[XMHO?ECOa@CUBiAHq@Ik@DXt@JRSMAGQAYOW?}@]Uc@M_AS{AKCI?YBg@Ly@Ee@Ba@?]Jo@AEEEHQDu@?e@Ha@?]Ha@?]Ic@Dq@AUJo@VeA@g@K_@Ce@T]L[ZyBZaA?a@PqBL{@BmAFy@Hg@Do@BUVy@DGLGLB@DBLAVJVd@VLPDPD^L^Lj@D\JRLp@\p@Pf@Rd@VPh@Nf@j@FPNNLHN?TD\N^JVPlAZd@RRDLFJLb@RVFZPz@TZNRBRD\EDCVAVD`AT\Ef@FX?dBr@ZTBLRb@F\NT^jAFbAL`AFxACf@Bf@Cl@FRN~AIt@AZJx@DNFdAAPLl@CRUFQEG@OFKJSHUBg@Ha@PUDa@T[FOLo@Tk@HU?OLQDgCd@ULO?_@K_AKQ?SG[ESICYBi@EYU_@OQMUOEaAs@YIUDOJKB_@Gc@Ja@Em@FQDm@^IHS`@a@V_@\uAz@MLQHO@KGIKEO?UL{A@y@Je@Fs@ASGQQQ[Io@GSG_BQG?AEHgA?UCG@MA_Ah@cIHq@@mAOCGG?IXaED]Ls@Na@Fq@Nw@Lg@Jq@Do@PsAFmABYHaB@qBDc@Au@H}@Cy@BQGS@EGD?J	24.48	3947	Herston to Kelvin grove qut 2 loops run	0	2	FALSE	2	Run	2021-09-20T21:37:23Z	2021-09-21T07:37:23Z	-27.449684	153.027087	(GMT+10:00) Australia/Brisbane	143.9	0	FALSE	Run	6369946972	6369946972	36000	followers_only	0	NA	NA
13	37641772	1	1	7.7112	0	FALSE	FALSE	11.013	5245	63.8	16.6	-27.449795	153.027459	6d0fb129-a63a-4eb3-b691-362b6ff45a80-activity.fit	FALSE	FALSE	NA	FALSE	FALSE	FALSE	6004096334	3	FALSE	a6004096334	2	pgpfDse_e\@DJGBBFd@^bACX?EE@@HUj@C^Ml@Ar@H{@NGP?\TV~@v@h@BD?PRn@JbANx@h@tAHHCLDZ^f@ZTh@TRN\d@\ThAj@xAf@Z@jD|@z@Dr@`@N?^IhBXl@@ZPxAV`@NXNRTz@lC`@nCHxBCjCR|@MhA@hAFzARtACH_@ESB}A`@{@\O@y@b@a@?mAZe@XaCZa@Ru@?[E{@JaAMIKGMEa@F]CO]w@[c@i@UWWiAOYDe@AaAVa@@YHi@b@k@x@QHQPQD{@v@m@HYWGWJq@Fu@HSCKS[HeACOKUiAI]@kA[Ao@DSEGF]@k@EeABu@Hs@DuANwCFUEg@Ne@B_AFOFq@Aw@ZeB\qCp@iEBy@TyC@}AH]HOXM^L`@t@n@d@HNb@`BHJk@sAQs@E[H[Xg@?B@AHPCVVP\bARzABf@HZBRL\nAhB`BzAt@\NRb@PtAZRBRIf@Vb@Dl@\t@Lf@Z^J`@`@`BXZCl@VR?`@VXFPPl@XXp@p@xBPl@Ht@H`CPbAE~AL`@?PMjAFh@?ZHrAJvACNc@IYFUReBz@w@Vg@Zq@BOHu@Dq@`@yAN[J]E]Fg@QgAHWGW]Is@Q{@]{@YUaCWo@JQEc@HQFe@BiAl@g@t@sA~@aAZ[@Yu@?s@Ki@Bg@Ea@LkAGe@KKq@Qu@Kw@EAoBAIBUCG@u@JuAH}CLWA_@Tu@Fc@@qDF_@Eu@Zy@HyAJ_@Fk@l@sCNeALsA@g@Hs@@o@JyAHUPEH@LLJl@HLl@ZPPL`@f@dCTd@~@jC\\bAr@l@n@dAl@`A^tE~@vBp@`@Dv@GvBPfCv@t@l@JPLh@|@nCJt@APJz@AhAHz@ARMn@Pd@Hn@@l@ApBDfAPjAAPQHm@Cy@LaCbAo@d@WIe@Ng@DkDdAsA?w@Mm@DQKQU?KH]AIg@u@g@eAa@_@Ya@OG{@IeB\UNg@Ny@n@Wb@i@b@wAp@WVa@ROBUGGSE]Do@XsB?i@F}@GYQOSGkDWICAINeA@_EB{@JgA?s@VmBJa@@YL_AAuAPy@Dq@Ng@TkBVw@b@oCNwERyBHyDFUSyA@DCA	19.44	5142	Herston to qut Kelvin grove 3 loops	0	9	FALSE	2	Run	2021-09-22T22:52:23Z	2021-09-23T08:52:23Z	-27.449688	153.027627	(GMT+10:00) Australia/Brisbane	207	0	FALSE	Run	6381600101	6381600101	36000	followers_only	0	NA	NA
31	37641772	1	5	22.8888	0	FALSE	FALSE	53.2683	16632	20.6	3.8	-27.41026	153.060512	8fc4be70-059e-42f8-a0c1-6ff9ed6ef9fc-activity.fit	FALSE	FALSE	b10387460	FALSE	FALSE	FALSE	6055452487	4	FALSE	a6055452487	2	jthfDwcfe\c@gA^q@nAiI_@qFeGgNeAo@Yj@}@FhAMOODRTWEm@qJoTkA}AgBk@u@mECc@`@_@EeBc@s@PgBk@wMMsAk@y@XuBmBqYcAiBsT}SaBWcXdB_Ci@mIr@}@gGm@wLq@sCy@uKuL_Fy@F}@`B{@PsVgGuLiA_Bz@iLbB{IBsHoAsGuCmEkAuIo@kK^oCWm@u@C}@h@cAz@c@`@X`@rD@nGW|@[B_AeC]UsVuDgDW{CHgFz@}GbDsSxNwErEcCjAgDlEkBtFu@rDi@fGkA`GcBjSiAlIkCbGkA|A}G~EcGtBsa@rEwQpCyCdB@f@r@~@q@Ub@n@@x@s@tB]MYyA_A{@kE[y@Z{GfHqBtEoB|JgAh\k@|DUlO`Afa@S|EmAtFqB~EyF~GeElCcCr@wK~@qJe@lBjOZHJWyBHG^RZN]_@{Cy@cDwKqAiDv@}AEsAo@sByCkCc@{ZtEad@fO{BpBkAfC_@tC?pFyBDwAgAiE?y@u@wF~DaDD}@_AAyBSm@gN~DqHFa`@gKuDoCmGoHmNsFqFoEoNgSoRc`@eNmUaCoCcE_CC[\s@bA_AxBYNj@K^cA@ibCwcByAw@gGcAiAs@Gi@]QxBvBpH|A|dCzdBd@QD]U_AhDs@rBA\x@`Ap@[J\WQX\}B~FOd]d@bGb@lZn@bMm@rPiBvb@mJzX}IlEaCjRuMW_AtQcOdBsBt@wEhEkLGiDj@mHsAqJrDqHj@Qr@bBrDKzJtWhEkBg@CwCbCNdAo@xKdZdDUXw@hFwB`CmDIkA|FoD~@oGa@Sx@i@vOaAjDd@pDhUl\b@rA~XxLxJvBr@dA|KAp@Ws@aJBwGPiGj@oD`AwYfCuM|@iC`BeC~E}Ez@YtEb@dAlAZvATHzAqCYqA_AgAEa@lDqBls@wI~DkAdDiBvF}E`D{GfAgHhB}TfAwFz@gIvBcInDmFlDiBbEcEfBw@hPgMvIaEvGs@vMvAhOvCx@~B^Nb@_AGaG]{D[]]D_A`BRtAj@`@zBLvJe@jJr@`EfA~GzCvHlAbIErLaBtB}@hBd@~GZxVhG~@AbAiBdAGrL|EN\ZnIz@bEn@dMr@hFdIm@xBj@jEKbTwAdUvSzA|B^vBvA|V_@dBr@rAx@pOW|Ab@h@FzAi@vAx@fElBp@|@fAnKzUjAtAf@dBfDbGr@nCB|E_@hAg@fF[d@cAtR?U	42.480000000000004	8378	Toombul to redcliff	0	4	FALSE	2	Ride	2021-10-03T00:19:07Z	2021-10-03T10:19:07Z	-27.410779	153.063167	(GMT+10:00) Australia/Brisbane	117.1	0	FALSE	Ride	6435514559	6435514559	36000	followers_only	10	NA	NA
15	37641772	1	1	5.8716	0	FALSE	FALSE	2.4344	1513	7.4	2	-27.432282	153.036221	b70fe43e-e49f-4c92-a0e2-8df17c5c4c7b-activity.fit	FALSE	FALSE	NA	FALSE	FALSE	FALSE	6070803350	1	FALSE	a6070803350	2	pzlfDa|`e\cAAk@EO@IEy@?UDOJWh@ETBj@H\b@Xn@NPETLNBb@?\E^Hr@_@Xc@BWIa@E]IK}@e@YDKAODM@}@Om@Ag@VQTM^@l@h@~@DBVHXAt@LXEd@Hz@OVQVc@BWA_@I[IM_AYaAGa@M[Aa@Bc@LQJCFCVO\?XL^PZNJj@D\Ar@HNAb@H^@J?^MRSDO?MBS?YBOAIMWSW_@Ig@?]GWK_@CY?UGe@@s@l@CH@RGb@DPNZXPRHp@DND`@Ar@VjAOJ@VOBEDKDk@Ic@MWKWCEa@MQ?UEQ?c@GW@[Im@BWFE@SVKRITEj@Th@TR\HVAb@Hd@G\DV?LDfAQPc@AQBg@EMGIUQWM	9.72	1493	Windsor park 5 laps	0	4	FALSE	2	Run	2021-10-06T06:33:15Z	2021-10-06T16:33:15Z	-27.432249	153.03633	(GMT+10:00) Australia/Brisbane	29.6	0	FALSE	Run	6451665044	6451665044	36000	followers_only	0	NA	NA
2	37641772	1	1	7.585200000000001	0	FALSE	FALSE	6.9436	3296	16.9	5.2	-27.43335	153.032946	5cbb12df-7bc5-47f1-bd08-09191a2b9867-activity.fit	FALSE	FALSE	NA	FALSE	FALSE	FALSE	6070986527	1	FALSE	a6070986527	2	jdmfDcz`e\@]Ja@JeBPm@Hm@LQJ?DBXZZPTVr@h@xA@f@EXGR?LDTTfA|@TF`@BZA`AQNMl@iAh@s@VKh@@LDHHJj@BBn@n@NJx@v@JLDNNRr@l@N@ZTt@|AXR\^DVJVHJr@^t@p@HPb@d@P^PP\bALRVR^h@r@x@PNb@PZ?R@f@JXLXBVC`@BZCLGZCbAg@T@RKNAf@PNHFPJNVTD\?NCJIF@MAAZTHF@HAj@HNERUVMDQ?GAGEAIKO@QHOZYLYj@c@b@QVEt@@B\PPR^NJZp@l@h@lALv@Fb@HD?DCDe@FQMd@CC?GNcAP_@HA@OJSFE^Gd@?fAVTNRDB@CVMXMb@@d@MlADRJNZl@JF`@FVJLHn@n@hAl@\^t@b@JPHTTRbBDLFHNBLLb@DVINCP@\KRE\Bp@FZ?\Rb@BZL\NRPLPX?TCJKNMHc@N?FBGZSHIHW@KAWEOi@o@ISMkAIi@Gq@@ILe@EU?YZq@BOAKGESC[SQGw@BYAMEMMIUY_@UGSMWYaA_A_Ai@QGe@ISMISCWMYE]Lu@Bq@?WDk@Aa@GKQGMBWAkAMc@AUDOJKRGt@K^?DLKCr@KDU?SBWJ]FM?s@I[Se@sAU]OG_@cAEEKGMAQDOHe@P[Pa@`@U`@EZ?\DHJBFCHIFQBsAJe@@WQQm@a@e@UUCw@@YFy@Xa@Du@Bm@Gq@OU?u@Mm@QWKYS[a@m@kAg@sAc@w@s@q@W[aByAcAgAU[k@oAIG]KQKsAgAUWw@aAYe@KO?MO_@QGS@UDUNw@nAWh@QTo@XYBUA[GQGuB_Bc@GeALg@AS@SCYQe@i@mA}@OEEFC`@@hAUnBAx@Ed@	21.240000000000002	3296	Windsor to herston	0	0	FALSE	2	Run	2021-10-06T07:20:34Z	2021-10-06T17:20:34Z	-27.433505	153.03305	(GMT+10:00) Australia/Brisbane	17.8	0	FALSE	Run	6451878979	6451878979	36000	followers_only	0	NA	NA
153	37641772	1	5	21.0564	0	FALSE	FALSE	55.656099999999995	16267	62.8	5.2	-27.432447	153.033423	0ccd83fd-a4d6-4656-bce9-9181b83755d5-activity.fit	FALSE	FALSE	b10387460	FALSE	FALSE	FALSE	6090579077	3	FALSE	a6090579077	2	z}lfDa}`e\x@mIhJjGlDKjChBtAMbCiDz@CbQfR|EzHbFp@~Fe@dA~Bc@bC\sBjCqAxBxD|Ch@`@iBt@qA|DX_@tG`JtGlBJ~@bAFbIz@`BkAnBdCrJrExD~TpFHeAcC}C`AqDzA@~EhHfB~EvAnWv@xD~B|D~E~AlGaHzCVvE{BzAcDdAgGfJuJjE\Dv@pA}@fDbCtDbH|BrJCxA[_@n@aB|DeFdNqH`QsK|KiJzFyAvEiBfAcDxA_A`CnBaBgEyG_FkDuEgAw@QlDaBjDmLjJlBeBMj@sQrIsSfPcCrDeBjGuFdG{@jGt@lO|CbI~BtIv\nc@rGbFhOzQ`I|Gk@xF~ApDhLhGiF~VoAhV{IpJWpDh@hAo@~ITjA]bAx@xBsBpKjDzMrUln@jI~JbInDbHr@~LaBjP\lStMfWfGnFj@nJmCjN`@zAg@jA~@v@KnKhKjE|HbHnFhb@fPjD~CbCKZvCxGxN|BjLpDzEvd@bHfLv@aAeAjAb@cAqAd@rA}K_@}^cEyD}AuCoEmEeRwEuHE}CiD?gDyCq`@eOaIyGgEeH|AeQ}Ae@T}@_@qCqCyDHoAmDoAcHoH?oBaBsFo@mNfAcBdA_FImAoAUq@rArHdCpF~AlDc@`@{D~IgPfFh@dBmSl@iAzGgHtBKjJmJ|AUh@mCvH{GxMkO|KgOzHoD`BiBv@_EoAiN`@}Gw@oSdAoKq@uFbAcEs@CSg@\ESt@hAs@k@lH\nE_AxJl@hTa@tF~@fNw@`FiBnBuExAyBtBkRnVuOfOs@`DeBJ_JrJaCVmH|H{B`UaF}@cFrHuC~GQzBaEn@{OmF|@iAlAJ`@x@}ClJv@pNdB~FOnBvInIc@dI^hBm@x@m@pFcCM_Aw@qA^aOg@yKlCo[{GsUqN}OQwIbBgKs@iJ{EwG{IeVco@uCaLnB{LeAmBl@sAi@u@z@oJc@gAP{DjIuJdAmVlEsRFwBeLsFu@uCT}GoJeJwMoPgH}Fc[ma@aCeGOmBaDqIu@kO^{DrAgCrEwDjC}GrAyAd@RgCJj@iBuFdITTqAeEcF{Cm@fBwE{AwB^}F|HqCdLeEtByDKwG`HwB[oCkAqBoEaCo\cBaFqEqGyA[mAvDdChDMv@cFiAiBJkJgCgGkEyB{KvA}AwAoFb@eEk@y@cCQqHmF]qBVoE_F?s@tD{Dk@yB_EuCzA[|Az@gDc@{@}@c@cGt@uE{@eE_H_Q}RmAZcBlCoAZqDsBoDF}ImGq@vJ	52.56	9516	City to QLD tennis centre	0	18	FALSE	2	Ride	2021-10-10T03:20:33Z	2021-10-10T13:20:33Z	-27.432408	153.033567	(GMT+10:00) Australia/Brisbane	440.4	0	FALSE	Ride	6472511483	6472511483	36000	followers_only	10	NA	NA
2	37641772	1	1	7.372800000000001	0	FALSE	FALSE	6.243600000000001	3245	28.7	5.9	-27.43243	153.033509	096cd2ac-b34c-4d5e-9ea0-c1e3ae9c1526-activity.fit	FALSE	FALSE	NA	FALSE	FALSE	FALSE	6105760114	1	FALSE	a6105760114	2	bdmfDky`e\Jq@?}@La@ASCK@WR_A@u@IMc@Si@i@k@Wu@Og@Q[SQAi@Bg@IaA?e@ScAK]AeCWO@GD@?SUiAOWAO@MFE?CUD_@CWASCEo@w@[UOIy@y@W_@[WMW}@_A_@e@gA_AG?KFKAOYK_@MOa@Cm@Oe@GO?a@Eu@OyAG_AKIBa@EU@]Es@@q@K]CUIcAGw@My@Fs@G_@Om@GqAW}@I_@KSCc@Q]Gg@AQE]Km@Wi@OQ?W@iAPu@FSCMEc@EUI_@W]OmB[KKsJmFS_@Ke@i@oA[wA@OCO]_@KQKc@AQOm@AOYUi@YAIBMPYAUK[k@mCQc@_@o@Ac@B_@Jo@Ho@HaBDSFOj@c@MRTKG?URCDFVAh@QxASx@GdA@RFFXFJTFn@Jh@N`@T`AN`@Jd@R^BVHNH\HNJZBXHPP~@Rf@FXHJ@ZDNR`@Xv@^XNX^f@XPJJLFJBLL`@LZFRIF@ZJTZp@Lx@b@`@HPNh@FxAl@n@LV@ZCp@SLGL?LD\A\J^FpBx@hARJFGH?BFDL?b@P\@ZJNBPBh@AxD^ZC^Df@Db@H^Bn@Tx@?x@Nf@Ar@@VH`@BHDd@@pBT`@H^?NBNP@VNZr@t@x@n@\h@^VZf@d@h@TLXCPDd@`@n@z@\VCb@Bv@BDTD`AG\Bh@Rf@Bz@HT?d@Ll@Hb@@|@TZ?l@FZAh@Db@RD?d@HBDCd@?f@Ad@Id@?TEX@TEVAl@Er@	17.28	3049	Windsor to EJS	0	0	FALSE	2	Run	2021-10-13T06:43:14Z	2021-10-13T16:43:14Z	-27.433339	153.032989	(GMT+10:00) Australia/Brisbane	43.9	0	FALSE	Run	6488645793	6488645793	36000	followers_only	0	NA	NA
6	37641772	1	1	8.4492	0	FALSE	FALSE	10.4296	4596	63.2	5.2	-27.433413	153.033328	56d9a551-1435-421a-9636-0296e43fbfbf-activity.fit	FALSE	FALSE	NA	FALSE	FALSE	FALSE	6134659919	3	FALSE	a6134659919	2	~cmfDiy`e\\uB@{APgB~Ax@pA|@l@Bn@NR?TKb@@hAf@nAr@t@LNCt@g@\m@d@k@Zm@NG`@?VNJVj@b@hAnAv@h@f@n@t@\Lh@`@~@hAfA`At@r@~@\ZFNT\j@n@V`@Rn@r@`AnA|@|Bj@rAT|@Kx@Ub@Gz@GRDNHd@f@JRDVCl@J^Ab@BDCXEBSQCk@DOV]bAi@bAWR?Ln@HRb@`@PXN^DZDDPHfBPf@LTCLM\Q^i@c@aA?UHWdA@bBT\BJFFNElAOr@QzAEPPJd@t@t@Ft@PpBxBp@VV`@PLh@Fn@A`@HFDJZFj@?DIACPC~@G\Fh@B|@\zAJR`@XL`@?ZIVQN]JGHAf@`@hBZv@\~BRh@t@jAVVdAp@`Bt@`Cb@p@VpBj@f@DRXNJnBp@l@L\A~@XlAR`@R^X^h@h@vA@b@^nCHtAIbDNd@DVE`@Ol@VdEHh@ALIBc@GOBe@V}CrAu@Ha@RWFWAuA`@iAPi@PgB[s@F[AGIBWKc@Y]e@}@i@k@QMUES?KBMLK@o@KQHe@A}AX]T[`@kAn@WJcAz@OHO?GAOMCQ@]PgA?qA@FDKJ_AAa@KOQMeCi@o@GKg@Lw@?yBJ}AHk@?u@Dy@Hm@@i@RcBHkB?o@Fm@Nk@P]H}AVm@XkAPeBBoAJ_AA_BBiAT}@LSZCHFBVN\t@l@Pj@N`ADJ@GU}@OcAGo@TWH?LUXONODQ?QG[u@q@CKC}@OWCS@i@C_@L[D{@Pi@ASGEK[[Ma@Ca@Dw@KMI]m@YGs@o@]c@q@e@q@]{@MGGIe@B[QOCQFOAk@DoAH_ACSOI]Es@?WGw@A[FOLCJCdAGTQ^Ab@EFw@OQGeBUOUOe@q@y@Sa@K_@IGYRu@VcA`A_@j@GNADFHJDNAFKHk@BiCCC]Q[a@]YUCS@yCv@s@Fk@C_CYk@Ou@e@e@o@_AeBSo@Wg@o@w@sBmBMQ{@q@[c@e@aAq@]s@u@s@qA{@_Ai@_ASSUG[A_@LwArBw@h@]F{@KqBsAOEOCuAH]Ey@ESK]]a@Yi@[OAGFI`@Cd@MRCLAfB	20.88	4444	Windsor to Kelvin grove	0	3	FALSE	2	Run	2021-10-19T06:11:29Z	2021-10-19T16:11:29Z	-27.433531	153.032948	(GMT+10:00) Australia/Brisbane	85.2	0	FALSE	Run	6519284752	6519284752	36000	followers_only	0	NA	NA
4	37641772	1	1	8.7012	0	FALSE	FALSE	9.8531	4149	28.7	4.5	-27.4324458371848	153.033408857882	1810583d-a882-4e6f-8dce-c137fbca9f0e-activity.fit	FALSE	FALSE	NA	FALSE	FALSE	FALSE	6148682073	3	FALSE	a6148682073	2	f~lfDq{`e\Fe@Ok@Ak@b@kG_@Kq@K[AQ@k@Ki@@iAYs@K{CQMEDCCGc@GSBw@E]HIHG??k@Fo@ASEI_@K]UMQi@i@MSWQi@m@}@q@cAgAo@m@i@s@[y@QOc@IcBKY?iAOsAA{@UE?WV]@[IY?k@Es@Uu@KgAI_@?a@Gs@EcBSc@@D@SAi@QaASa@GOEWCeAS_@CkAa@WOo@Aw@Ti@Hw@Ke@CSIe@_@}@Ya@Gm@]s@QyAUe@Ya@Ks@[WIa@[uAuBo@mBo@sCk@aBU_ASMQ?QSACDSNW?UE_@KQCWIM@PWYAGAi@MWEEYICCBk@CG?OHe@Bw@L{@@w@F_@@a@J}@?D?@ICIIAG@IKOGEIAE@SM_@Ia@CQCKMGQAc@HwAAgAFo@As@FuBEUOUc@WUUyCoBWSq@[{AcAy@{@SQaAk@i@m@s@_@e@q@k@aBMS{@}@AEBKNQFSGW_AyAUIYSKKEIAUh@aDVk@f@i@Pq@?MWq@?IRe@Fk@Bk@L{@IaADaA@GHCJcAL]Ns@Ae@@i@LyCEKEEA@@XEn@@h@Gv@HfA?\IX]VAXCFEDCv@@^Kn@F`AM|AOlDMj@e@z@Ur@GZG`AKt@NTn@VHHv@`A@LARSh@?HLRTNVVV\`@bAj@z@JLTJbA|@hAl@xB~Al@\`@b@~@n@f@b@FVAh@OrA?z@OfBQlEFLTLZAVCh@DBD?DLFJNbARtAFFB@FBHCTDNCD@AFHBP?pAUbD?TEn@FRDDt@LI^BRZx@XrAJVLPN`AX|@DRn@|AJj@l@`B?LG^Fb@JZ`@l@FPd@h@XVtAp@f@`@x@N|@X|@`@d@BRDr@Z\FVNbAXf@Jf@@bAUf@A`@NX@f@VXFn@@v@PnAV`@Bb@FPHC??DACh@DvABp@FZD`CPjAPl@P|@FbA@HAHQPKJFXJhALlABjAPz@D\HTJFLNj@JRVN`@b@TPBLNLVd@PPhAdAn@`@^f@^RjAbAF^E`ABJH@\M^D\AZHZ@JDn@Hz@?`Fl@hAJf@@^FNHBDBJB\YhDOrC@X	24.1632	4076	Windsor to toombul	0	2	FALSE	2	Run	2021-10-22T05:27:34Z	2021-10-22T15:27:34Z	-27.4325226992369	153.033356890082	(GMT+10:00) Australia/Brisbane	63.9	0	FALSE	Run	6534100991	6534100991	36000	followers_only	0	NA	NA
0	37641772	1	5	23.500799999999998	0	FALSE	FALSE	63.1154	15989	28.7	3	-27.4324422329664	153.033380778506	872421b4-1eb8-40d1-963e-ff3669c43ce1-activity.fit	FALSE	FALSE	b10387460	FALSE	FALSE	FALSE	6158045660	4	FALSE	a6158045660	2	l~lfDg~`e\h@iH_T}B?oAkMaN_KeAyQoAsK}BmFJeJwCmDeCwEeNs@q@s@uEeAq@f@eM}Cm@d@wKqSiPoCoEJu@kC{Cz@iEt@mAzBsXe@e@dBwJAsD{@mDiEgJgAsA_@\ScBqI{RcEkDu@sDj@cAg@uCRqBy@{Nq@aBV{AqBsZkBmC}SeSuUvA{DDaBg@eIp@iA}Ga@eKgBwPeMoFs@NkBjBcWkGyKaAyB|@aL|AwIBsHqAgN_FqIm@cPJk@y@?_AzAyAXR\fD@hHWd@kBiC_\aFyIv@sHrDuSbOaF~EqBt@iE|FsBhHmDtU}Cd[iEfIoGxEwFtBiu@hJ{C`BfAvDsAvCo@qBcAcAyEa@kJpJaBfEcBfJmAt\o@vDMlRx@~]MvEcCpJ_BdDwChDyE|CwC|@yKpA{JUxArNh@F[SuAp@Nj@RYg@wD_A}CkKgAcGj@uAi@sByCkAe@g]rE}d@vOyAzAuAlDMhJ_@B{BSe@_AsED}@q@iFjDcDLcAu@]qDaMrDyJZk`@_L{C{BuG{HoM{EkGgFwMuRcMiWeTw^}HkGlBgCnIaBsF|@TnA_AHmcC{dBpAAl@rAuBzF_DcDOy@Ib@sE_AgAj@}@GbCa@fEt@fJlHZbAWi@sCgChBiGs@eAkAD|bCtdBjANCmB|D_AbBDx@`Bt@Lo@eAqAs@eBHkHxBwAhBvEhDxCxDzR`]vMjXlLxPdGzErMdFrL|Lh\nJlEn@~GS|LyD\h@?lClAr@bFi@dDkCv@`@dFBzAnBfAwAbA_KnCwD`f@aPzNsCfLeAbBl@fBnCjAj@hBFhCs@pLdB~@vCZtDS}@lBUm@D_BcOnJd@lL_AhIgE|EeGrBkFnAkGLmFy@ka@RqMl@mEnA{\fBcJ~AwD~IeJxEZpArAp@`BrAsCqAeEnC{Afu@{IbG_CjG{EpEmJxDg`@tBqNpBiHpEmGbCcAtEsExS}NxGiD|I}@t\fFlBtCd@aAEeHc@sCo@g@w@v@M`AV|@t@`@hMY~Jn@xNhFnHjApHC~PaD~KhArVfGv@Mj@sA~@YdMbFr@vK|ArP`ArGjIq@vAh@vEGdT{AzW~Vj@bDpAxU[jBx@`Br@lOYjAb@n@HxAs@vAv@dEXj@dDjBjK`VhAlA|FdNJpEkAhIa@d@i@`L[tKgApCg@~DfC`CKpAdCjE|SxOo@rKrD~@u@lLdAf@|GfUpApBzBrAjJxCzEExK~BxMpAfCOdKrAtBdDxHhHDzAvSnBa@dK	49.708800000000004	9668	Windsor to redcliff	0	0	FALSE	2	Ride	2021-10-24T03:42:06Z	2021-10-24T13:42:06Z	-27.4324355274439	153.033678671345	(GMT+10:00) Australia/Brisbane	197.9	0	FALSE	Ride	6544093344	6544093344	36000	followers_only	10	NA	NA
5	37641772	1	1	8.4672	0	FALSE	FALSE	10.5339	4516	63.3	5.2	-27.4325050972402	153.033293774351	851eb063-6c5c-499b-bb75-f0f2f8a4aa5b-activity.fit	FALSE	FALSE	NA	FALSE	FALSE	FALSE	6172627988	3	FALSE	a6172627988	2	v~lfDa{`e\J}@?c@NoBL_A@o@Jk@DIz@^PP^NnCzBfAr@jBBj@Ib@@^NpA`Af@P`@?h@GJGd@g@p@{A\g@^GXDd@\JVD\t@bAn@r@VPh@p@bAr@^z@h@|@vArA`@RjBxAx@vAV~@Vp@l@z@f@^l@TnBd@j@B\?v@K|Ak@h@D|@EVHNPTh@PTJXMz@IT@XADKBUIEQDY\g@h@c@j@Yl@OP@BBXz@r@x@Xz@JJ~CZJAOBDHVNAt@@DHDZDVCf@BTDd@Vj@JPOBGCGHIHPHd@JNlA\ZTNTh@^p@^|@Zr@bAFDh@B^GNFRTb@v@Or@AbAELCb@VlBDn@DLFHl@VBJEj@GLKLi@`@GN@XH\R`Bz@rCzApCh@l@\V`BZ`@RvCp@zBt@XNb@d@h@Zr@Hp@RbA?v@Nh@Tr@NXPZd@`@~@J`@XfBRvBHbBCx@LdAC`@@XGbA@dAJvBJZ@TKF[EQBwAt@qBx@{@HgATgBn@q@Bi@J}ASc@Ha@K]@EY?s@SYcAmBSMMCKBKKSC_@UE?G?MNW?MN_@NyAP_@Va@p@g@LW^e@^e@VUBQJM@YKMOCMDYBaAJk@EWFMB[DQCk@Q[UOoDk@EGHD@GG{@B_BNw@BqCF[DwCD[A[Dw@ReAAo@H}@AWTw@Vc@@_@NqA`@_CPs@HsAAOP_B?{@?DC?Ny@Bq@TWZ?JFNf@f@`@PXNj@Hl@JPMq@Gu@IWEw@Zk@`@WNOFQ@]s@cAGWIs@IUImABSLYEu@BQHMD_@CUIKa@K_AE{@Me@w@a@OYScAcAg@a@MSm@I_@OKSCWOOIACTOFYK[LuBi@i@GA[H]GWCBGEkA?_@OWWw@KKQs@}@USEKGa@QQ]Pa@HwAnAKTMp@BLNJPGJQDQ@g@G{BMa@IGS?CGEA_@TEOu@A_AJgAX]D[AgASc@?gAQ}@g@_@[s@sAcAyA[k@m@q@I?iAsAy@y@w@iAMMES[u@y@i@gAmAwAkAOWYy@Yc@]?e@Ni@p@IVIFKX_@h@q@Xq@@m@S}AkAWKk@Iw@LoA@MCuAoAi@][_@k@YaBqAc@OKP@rAGxA[zBKfA	17.935200000000002	4478	Windsor to kc	0	3	FALSE	2	Run	2021-10-27T06:25:31Z	2021-10-27T16:25:31Z	-27.432486321777098	153.033300396055	(GMT+10:00) Australia/Brisbane	85.1	0	FALSE	Run	6559578289	6559578289	36000	followers_only	0	NA	NA
31	37641772	1	2	19.9728	0	FALSE	FALSE	63.903400000000005	17233	82.9	5.2	-27.4324235413224	153.033405924216	59dcd76d-17cc-4a20-b8d9-b9f33a7092b4-activity.fit	FALSE	FALSE	b10387460	FALSE	FALSE	FALSE	6190331816	3	FALSE	a6190331816	2	t~lfDk}`e\z@gIpInGxDItChBzAQdC}ClA@tPtRnDtGjF~@|Fq@fAnBg@nCT_BdDyAzBvDxDp@JrApE?~I`HjCJp@z@AfFzAhDyArCfBzKhIlFhQrCL_AyBoCjA{D`Bf@zGhM~Bj[pBrFnA~@fFt@hFoGhE@`DcBdB}ChAuGvJuL~E|CrFxA~BnE`CjLI|AOmApEaHjg@_ZjEwEnNiEbCmEt@AfB|AUp@z@u@|@gByAcJp@eMm@{FKtCp@`A~H}DzBxA|@mCnCw@`DRnMmEdSaCtIaMbFoFnMqIRfCp@Cv@uIbDoB|Ko@nk@fGvGo@`KwDjK{GvX}p@lJqKzOaMPoBdG}@jCf@`HoEdPcFjO}A`SoCbFt@hf@uLtOwHzTePrOsHhAkAYs@pAcDbp@mh@bYoYhi@icA`LoEc@sBcKPcDxA^yCuEZgO_CsCsBeCcH_CuCYmF{A{EDkEjAcBtCn@nRqEtC{FjBHl@sA]cG_AgBeMaIWzBeBdAwNa@kGoD_DVw@gHcC}DgF{BmLDwB}Ef@kAc@eA_[{R{HyBeN_@{Au@wAqDqAvAkDEsFrBcDvGy@o@c@xByBh@{WCaFjFeJqA}@~DuAKu@`Jb@pBc^uD`@~LqGjM_GYwF~HwJT_EcDnD`D~JS`G{HnFd@xGkK{@iKf@aCr]vDc@uB`AqInAMr@oDxI`BfFsF|WDrB}@`@mBbAh@fEiH|DyAxCLrBgB`C~EpGfAtG[vIjC|YdR^|@q@hAjA|@t@dD|IGlEdAbE|DbBtI|COdDrCtF~@rKBfBwBM}@bMnInArJ_CCcDnH_ObD_GMqAbB@~EjBrLhClDtBvG~BjBrOzClGs@uBa@d@OnAr@eAfDbDyBbKIXhCyJnDyj@vdAkQfRsU~Ss`@|YyAbCP`A}A|AwM`H{W|RmRfHm[fG{ClBqFq@k]bEiSfFyK~FoKPK~AcP|MyIhKyYlq@cBxA}HdEwPjE_n@aGeOxAuA|Ko@M[mBqMfIqErEuIhMsRzBuN~EmDUyBn@aAlCiCqAcGvCq@rA_@pL`BvJiAjB}A@kBcBkAp@cAjDkLjCiTnPgWrNkH`JJ|@NoAcCiKmIaLu@dA}Ju@FrBkEnFqDlLuDfBsDUcF`GeC\uDwBwBiFqBiZiBwFiEsGyA?mAtDhCxCOt@kSqDuHiEyBoLtAkB{@sBDcHe@q@aCa@yHsFM_A{F@KyAqDg@uB_EoC`Aq@zBd@}DaAeAaGp@iFy@gEiH_QwRiGxD_DgB{D?uIiGs@bK	57.4668	11518	Windsor to bulimba creek	0	12	FALSE	2	Ride	2021-10-31T02:25:11Z	2021-10-31T12:25:11Z	-27.4322682246566	153.033673558384	(GMT+10:00) Australia/Brisbane	557	0	FALSE	Ride	6578433262	6578433262	36000	followers_only	10	NA	NA
8	37641772	1	1	8.1756	0	FALSE	FALSE	11.372200000000001	5114	28.7	4.4	-27.4324667919427	153.033348256722	70e117a3-634e-41cf-85d4-1253c8338060-activity.fit	FALSE	FALSE	NA	FALSE	FALSE	FALSE	6204837457	2	FALSE	a6204837457	2	z~lfDg{`e\NqABaAHcADeAHk@@YAI{@a@s@KgAK]@uBa@mE[]Os@KiA?GSH}@CQk@Us@o@yB{BeAiAgBcBYe@Yu@QQsAS{DKkBUQTE@o@Is@@eA]o@Mi@?_CYyBQo@?D?KGy@Ms@EyA_@kBScAe@}@Ok@Fq@Tg@?c@Mo@Iq@k@u@Yi@M_@?kAa@sAQkAw@qAm@qAaBuAeE_AgDG_@Og@EG_@SIKC_@@a@COSw@WoAYm@?USWCc@FWNWEeALwBLk@NK@K@bAMQOi@LG@GYS[c@uBWS_@GYG?AFR?Cg@@_@JgA?_@J{@?i@PcBA]OOi@WeDeC{BuAm@g@aC_B_Aw@g@m@k@_@a@k@MYKq@Sg@cAy@?_@Li@GSq@eAm@[OOEKC_@RwAd@aBl@u@Lo@?JAFSo@CO?KTe@@KAe@JyAZu@BOFmB`@gCDuAPyA@u@AGSOBBC@?MFYTYDODkAJaBHc@\aAHk@AkADe@Ci@Ic@Ce@]aAc@w@KYcAqAa@w@w@qAWq@?YKg@c@]Yc@_@WcAm@v@LPHz@vAf@\\rAf@dAd@r@L\`@t@r@|@h@xALz@L`CE`@@f@AVQl@INKd@?j@SrCKXSREH@VJPBJKbBBn@ErA_@pBMtCOdAB~@Gx@G`@Cp@Md@?RGT]d@[z@Mp@Cz@Il@^^\Pj@`ARP@HEROb@@Jp@|@z@hBj@t@LH^Hr@l@LPn@n@bAp@hA`A\LlDzBv@TXPTPTb@\^BHIxAKn@ErAMv@En@Bv@?bADD^BdATT?FGFDCH?IMBE\BPXFHl@GnAG\?b@ERMlBBRJPb@JNLCR@Ph@zAJRFb@^`ALt@b@rAf@rBh@bBH`@Td@fA`B@JGFCABRb@`@ZHj@d@jAl@Z@b@JbAb@VPVHvAZz@\hA\b@DXCj@KZOX?dAVx@ZjAFtBb@^@K?dA\x@BrFn@dA@zARhA@p@PJCD]HCb@Lr@@`CR|Cj@PPTv@Vb@p@`@Zb@h@ZX`@pBnB^TfBhBBH?TKl@@FHFTGf@?vA^r@JzBJnD`@^AtAJf@NHJ?XOp@MlBMz@Ep@ArA	20.4696	5007	Windsor 2 JSB	0	2	FALSE	2	Run	2021-11-03T05:58:45Z	2021-11-03T15:58:45Z	-27.4325043428689	153.033333336934	(GMT+10:00) Australia/Brisbane	64.7	0	FALSE	Run	6593943427	6593943427	36000	followers_only	0	NA	NA
4	37641772	1	1	18.828000000000003	0	FALSE	FALSE	38.8212	12789	228.6	5.2	-27.4324049334973	153.033423274755	17febeba-8795-413a-9f21-e7e1b7179c00-activity.fit	FALSE	FALSE	b10387460	FALSE	FALSE	FALSE	6222615595	3	FALSE	a6222615595	2	r}lfD{y`e\nA_MrAh@xFhFxDCrCfBzAQjCgDr@AlEpFdBlAh@pA|ElFrBxD`BjBbFn@~Fk@fAhCIdB[^OWZw@lAqAxAg@bCfEnD\BrAjE^L[`@`AdBf@zE`EzBLt@hAU~DZjCn@hAKj@qAlAz@vG~@zCbEnCfErAjFnA|Hn@Jy@iCsC`@wBn@eAlA@xEfH`B`FtAlO@`F|@rErB|D`GdB~@c@pEyF|DErDqBnAgC|@gGpKkLbDjA@`@`@NGxAn@bA`@rBrCdEEPsBdDYpCN^dAiEhGeG|BiGhCcDpAsCbOyLrJwDdSmNj@sD?kBMh@BfBYtAoB~BqNpKmHxCyHxEcNhLcBtCsBxGuFzGm@zBKpB|@jOx@fD~A`D\hEdAfCv[la@`EdEzBlA|MjPtJ`JH|@]|@CzCn@rDdAWfDfCfFtBoFlW{@xUeDdEeEjDWhEb@\w@vKj@Ja@bBx@pB{@tFu@dDLVn@[Gw@uCFqAsBsA]wBr@wFjE{BzHqEt[\zDjErME|DZpArHpBjIxHzBrEfClAlAjCxFzD~ExGdEdBlDpCl@nAa@lC|BvD`@bC]zBd@@^yEc@_Bd@lAt@qBa@wAcKuIgEsBoFoHsEaCaBkD{CaB{AkD{IyHsAg@qDEy@e@g@oBBuFcF}Nd@GtEjOMzDR`Bx@l@tDPhAd@hI`IvBrE`CdArArCtFrDzEbHbE|AdE~Cd@`A_@pCnBzCj@fCYbCd@R^wD[iBb@sBe@vBUW~@dAl@kBm@gBsJsIyDwA{FcIsEmCaBeDgDgBqAeD{JmIgBk@oCCgAs@a@}A?mFmFmPtGad@`AkCZRdFwDjCs@vAv@x@nBlBWDpASPAm@nAgDd@kFiA_C`@qAWg@n@aJY}AHuD~CyBtD{FrA_VvEwVeLaG{@oDZqFcImHcOkRiC}A}DeEw[_c@mBkEI{AeBoDs@gDk@}PHsCnCeEI_AyEoGKc@^wBwAi@oCHcG~DiCdE}AjHyBdC}Dr@s@_@w@JqFpGmBHsAe@eCsB_BoE_@gCMaIu@qK}BoGaEcGo@Uu@Dg@p@i@|C`CbCD|@}Bo@_ECmJaCiFyC{A}CmAcIpAuAqAeGZ_E_@g@aCK_FqEwA_@_@eAPgG_EKa@Zi@dDoDe@wB}D_DzAc@~@Fl@h@}A]uC}A[mEt@oFgA}D{GiFqF_AmBkAq@iEcFeAJ_C~CuAHuCkBuDDgGcFqAc@s@|I	56.232	7423	Mt Cootha summit	0	0	FALSE	2	Ride	2021-11-07T03:26:15Z	2021-11-07T13:26:15Z	-27.4328046664596	153.032980374992	(GMT+10:00) Australia/Brisbane	519.7	0	FALSE	Ride	6613043138	6613043138	36000	followers_only	10	NA	NA
6	37641772	1	13	10.137599999999999	0	FALSE	FALSE	5.1146	1816	15.1	9.6	-27.4066936969757	153.046797523275	e726db36-997e-43e3-b5ce-ed8e34ee07fc-activity.fit	FALSE	FALSE	NA	FALSE	FALSE	FALSE	6248934480	3	FALSE	a6248934480	2	n{gfDi{be\PVBFDp@XhAHdBRnAH`@Dv@Jp@JhCPjAXfANx@j@hAf@p@RTt@f@t@^j@b@RFn@`@b@Np@`@fAt@`AhAj@rANVRn@FHVCf@UPDt@|ALNl@bAPN|ApCpBxC^Vb@p@r@r@^f@TPj@l@^VLZd@ZXDLJR`@d@t@Td@TP~A|Ap@b@bAbAp@f@rApALPxAlAl@`@`@NXFvAJz@Vb@B|@Pn@Dv@PlAHr@RbANj@TPNl@^P`@j@xBPzA?ZG?DSA_@WaBSgAUy@IMmAs@k@Q_@Iu@Gm@QUA}@@w@MeAWiASa@OcB[w@YUMk@m@i@g@y@k@iB}A_@Y_@a@sBmBkA{@_@a@m@s@{@wAGQGe@IGs@MMK][wAgBcAiAw@eAeAcBe@m@{@}Ac@_AaA}AKEi@^K@ECmBkDq@_Aq@q@_EiBSSy@a@_@U[Yw@mAa@{@SeA[iAOkAEg@D{@AOO_A[wCKe@IaBi@cCa@w@KE	19.476000000000003	1816	Kedron parkrun	0	5	FALSE	2	Run	2021-11-12T21:03:32Z	2021-11-13T07:03:32Z	-27.4067979678512	153.04645772092	(GMT+10:00) Australia/Brisbane	5.4	0	FALSE	Run	6641117843	6641117843	36000	followers_only	0	NA	NA
40	37641772	1	4	24.0372	0	FALSE	FALSE	63.4574	14503	28.7	3.2	-27.4324895907193	153.033345993608	7526b2be-f635-4331-8426-8972ce95f047-activity.fit	FALSE	FALSE	b10387460	FALSE	FALSE	FALSE	6254841478	4	FALSE	a6254841478	2	rqlfDor`e\BeC_Ds@jAwQkCQ@uA{I_IuB{C_]iCoLgCuFFwIqCyCmBkAoBcD_Li@c@q@mEuA}@p@_MgDw@b@aLmSsOqCqEHw@y@cBkAgAj@kDbBcD|@yOUuFbAuBv@kGAmDy@_DaFcKy@}@gAZn@WGm@oJqTwDaDu@_El@y@_@}CP{C{@yMs@eADsFgA{Rk@_CcXwV{SzA{DFsBi@qId@y@oGg@yKs@uCg@qKqMgF}@RiBdB_WiG}KgAiBz@sKzA{HNyJ{AuMwE}Io@mOFg@a@KuAvAaBj@`@b@nD?dHm@^aBwCu[{EmJl@{H|DqSdOoEnEuCpAoDnFqCnK_Hxm@kErIaHhF_FfBuu@rJyChBj@`BU`CRoBX?PdAAj@_ArAm@?]uA{AuAiEO_GbFiBjC_BbE}AxIoA~\k@vEQfR`Aj\M|EcCzJcBbDeEzE}IfEoKx@wJ[bB`OLXZ_@aCF\dA[mE}@yCyKgAmFj@{Ao@mBuCyAi@oZ~Dsg@|PeBrB}@fCYnJq@s@_BTg@m@kE?_Ag@sFlDyC?gAk@SkCe@_@wLlD}FVcOyCaS}F_MyLaNoFmFoEiOkToR}_@sLgS_DsDcEiCl@yAx@g@~ImBgFp@FdBs@DcdCwdBbBA\tAmBfFsFoE_FFeAO~Hd@hJ~GHdA\N_@iA{DoCt@AvAmECs@e@c@oABtcCbeB|@[UkA~AGrA{@dNUx_AbCzRmArl@wLtOiFrA{F|DsBrFjB|Ac@~IyH|LcJvMiMz@oEjEkLI{Cl@aIyAwHHeAfCwEhH@~@pA`JpVsArMbXzBrAt@u@hFmBxBuDAcAvF_EbAoGY_A~P}@vCX`ElUf\j@bB|XxLrK`CXz@fLNr@c@y@sMTkL`Bu]bCiNvBgFjIaIzEZ~BpDnAyCQgAgAwAH_@nDcBft@_JpFqB|GaFpEaJdHeo@jCkJbEsFlCoArEoEdSyNnHgDvI}@x\dFlBnCZo@I_Hu@cEsAv@Qp@|@|AxCX|KYpHr@xNdFbHfA~HC~LgB~A{@nK`AbWbGr@?vBsBnMfFp@nKv@vD`B|SxIo@~Af@fFMtSqApWhWvBzYWfCr@rAp@zNUdBZ\JrBk@|AhApEdBb@vAnBpFvMvKpS~@pD@hEeAfHw@xAZf@CxDwAdRaAzAg@tD~B|BEtAbCfEnShO[zK|DzAw@~KbAn@~EnQbC~EtCjBzKzCvCU~K~BbRbAjJ|@zA`CxJfJCxAfASnQ~Ba@`K	46.4328	9504	Windsor to redcliff	0	17	FALSE	2	Ride	2021-11-14T03:11:24Z	2021-11-14T13:11:24Z	-27.4323871638626	153.033629469573	(GMT+10:00) Australia/Brisbane	184.4	0	FALSE	Ride	6647447949	6647447949	36000	followers_only	10	NA	NA
9	37641772	1	1	19.6092	0	FALSE	FALSE	30.7087	5762	225.3	5.2	-27.4324590805918	153.033386142924	8e2a6913-069c-4728-85b6-0d4ce261262d-activity.fit	FALSE	FALSE	b10387460	FALSE	FALSE	FALSE	6267545964	3	FALSE	a6267545964	2	b~lfDg}`e\p@mHN]fA\bG~EvD?|B|Ar@PxA]dBqCdAKxAnB|BjCrA|@v@`BdFzFbBhD|@dAnAd@pDb@~Do@bAJz@nAR~@YhBa@HK]X_A|AiAvA_@Tj@GI~AtCbEx@ZmABiA`@w@fDn@JV]pF?Oh@x@rBn@rEvDvBPn@v@]|AJVKxANvBv@dBMd@iAhAv@zFbAbDpDhCbFnB|FrAjACzE|@PCOcAaC_Dh@}Bh@}@l@Eb@T~ChEvCpHd@pCn@jIApFl@fElBjEp@v@zBv@vAVv@MjAaAbDqEp@Ir@`@d@A~Bs@`As@z@cAp@_BnA_HvFwGlB{AbEv@EXZb@L`Br@|@YJIj@nCzB|AxBmA`Ay@pAu@fDf@dAh@jO~@fExAfCThBx@jA`AdDfJnLfOhTxD`ErBbAjOxQxIbIFf@m@xDAlARdAfAbBKCnAFlJvEmFrWeAtUgDjEcD`C]dAO|Cd@l@GKBnAc@xHh@Po@pAv@nC_@xBExBgAjDH\p@WHs@Ka@eDNkAcBmAe@{Bt@qEzC}AtCi@`CqEtYOrBn@rEjE~LG`EPlAbAbAfDTlAd@xGbGlAxAxAnD|BjAfBzCvEbDtFnHhDxAjE~Cl@pAa@tBrBzCBp@`@rAUtCd@Tf@yGb@gAAs@gLaKeEqBqGuIiEqC}AwC}CeAmBgEyFiEqA}Ay@k@qF{@i@yA@gFKo@cCeGiAkEi@_AbHoe@GOx@cAhF_DvC_Ax@Hl@b@x@xBnAMr@~@e@^LuA|@_BLqD\kBGm@u@mAf@aA]o@p@}J_@gATyDd@iAjCeB|CmEz@iUhEgSPoBgGsCcDyB_@cASqBR}BKD?OVy@q@cB_KoJaKqMwCkBgDiDu[sb@sBoF_@_CsA_C{@yDGwDk@{HDsAaAgAbEsG?WmBeAw@iAa@gATN{AkCD{BmEi@kExDaCdDmBzIuBfCiCz@_A@}@k@g@HmFrGsAPeAOcDcB{AsD{@aFYmMg@yFmBsFgEiGiAYe@Jk@v@c@~BbC|CF\Wb@}Ao@_Ea@cIcBqBy@uEyC_AuC_AgHz@w@Nq@q@}ASoBFkC^wAcAc@{BSgEyDgBs@Ka@Jg@KJKg@TeFkDKy@RMVK|C_E]eBkCU{@cDhAe@jAP\\QLm@BaCsA}@yA?qDr@kEw@yAsAwBmEgEaE{AmCoA_AwEuFu@H{BxCoAXeDmBuDBoGaFiAc@OH_@`J	60.5304	5638	Mt Cootha summit	0	3	FALSE	2	Ride	2021-11-16T19:53:54Z	2021-11-17T05:53:54Z	-27.4324178416282	153.033633325249	(GMT+10:00) Australia/Brisbane	362.5	0	FALSE	Ride	6661021785	6661021785	36000	followers_only	10	NA	NA
8	37641772	1	1	9.5616	0	FALSE	FALSE	11.5365	4460	28.7	4.4	-27.432575840503	153.033303832635	75cd3004-1263-4555-8b85-ad8bb2ad8886-activity.fit	FALSE	FALSE	NA	FALSE	FALSE	FALSE	6273586190	2	FALSE	a6273586190	2	j~lfDi{`e\@m@JuAPiAJ{AGSSmAIOGGMCs@?{BI}Fw@e@De@W}@Mk@LECCKFaAES_@Qq@c@o@w@a@[cAgA]YeBcB}@iAGWS_@IG_@I{AGaCUcAMm@MKBMPODoAGsA]eCS_Fo@_@?JBG?QAm@Oo@EkAUu@SaAKg@SkAWY?cA`@UB_@Ai@Q{@Mo@a@_@O_@KY?mAg@cAYa@EQIQQYOwAm@]YKQ?GPUBKaAmAaAaC]{AsAcESgAaAcDCW?YKEW@KEQWAGLcBHs@FqAN{AFW?LQ[Ma@CC{@AsAMGCEIR{CBcAJu@LyB?[EKkCoBc@UaAs@y@e@sByA][gA{@g@YUQi@q@KGKAGd@Wd@Dd@Ah@ILIDS@_AGw@e@uAI}@m@oAkAAUPg@Dq@L}@Tw@T_@\]Vk@Nm@RYGOWWEQAOr@{DFMl@o@Dc@CY`@a@DUAcAFqB?ECD?INwA?s@Fk@XqBAe@Di@BgBFi@GUGC@JCED[ZYFWJ}AF_@@{AJm@J[Fy@CyBk@gDc@y@g@k@m@uA}@_Bg@gB}@kAe@eAIW@L^fAV\VNb@d@N\\fAT\nApCz@`AVl@\zAPhB@t@Eh@@`@Gb@Up@Mz@@b@Ep@ERCn@Kf@]^C?AGF@BXJFDLIn@Eh@?pBEt@YdAQdADhAGdAIr@@tBIh@HV?`@Mb@s@d@S`@GVGz@IZATKx@@F\VXF`@r@TVDL?LOt@@JdAnAZ~@\r@LNt@f@|@t@\PtCrB`Al@x@t@f@ZZJx@j@r@r@|@l@JNDT?ROfCCdAMl@EhABr@JTNHfB\DF?JCFE\EGNNFPMhAC~@IhAIvA@TNRd@FLFEl@NXt@vBd@r@Nf@VlANb@Rz@N`@j@zBZ|@t@fAR`@SR@NFJPP`@NjAr@VTNDbAJfA^`@TZBl@Nn@RZR|A`@Z?r@Sj@KP?r@N`Bl@r@BnA^lCZM@n@F~@@bB^bBFbCZ~@RtAJ^OT?hBNlAN~@D`BRZL^`ALPb@^^RNRn@h@h@n@dA~@hBjBh@b@HR?REv@BHh@Gv@?vA\~BNxBVd@@h@LhABb@FXJDLAx@Dl@Gt@In@UxD	16.5816	4343	Windsor to JSB	0	5	FALSE	2	Run	2021-11-18T07:10:59Z	2021-11-18T17:10:59Z	-27.4325350206345	153.033304587007	(GMT+10:00) Australia/Brisbane	66.8	0	FALSE	Run	6667462664	6667462664	36000	followers_only	0	NA	NA
30	37641772	1	20	10.828800000000001	0	FALSE	FALSE	5.1429	1714	15.1	9.6	-27.4067064374685	153.046469287947	00907f25-1cc9-47d6-8991-aa12bd4b4720-activity.fit	FALSE	FALSE	NA	FALSE	FALSE	FALSE	6280390496	2	FALSE	a6280390496	2	j|gfDwybe\CBXpAPpAP|@FPNpAB\Lv@Dt@@|AHr@X|@Pz@X|@`@z@V\jA|@nAf@VXj@\`Ab@tAt@\Zf@j@`@l@f@bAt@jAF@DA`@YFCHBX`@bAtBLNZj@\d@z@rAfAxAx@tARH\Zn@v@j@t@h@h@XR\f@FRCLILDHLF^Xt@b@n@v@~AzATTr@b@d@f@v@p@xAzAv@l@b@b@b@Zr@`@n@Vl@Lr@Fn@P`ANb@JbALx@Pd@?rATb@B`AXRHb@b@\RDJLf@V`BZpA?NABSgAc@oB[iAGKm@UMISQUM_@My@CeAUmAGo@IsDu@O?oAUcA[}BgBSWy@s@mAuAWQ}AyAyAiAUKOM[[aAoAYOOSICUAKFE?Ue@Gq@EOOY_@]g@u@eAkAaBaC_@m@_@w@eAyAy@oAeAoBIA_@VOHMEeAkBg@s@Q_@k@s@wA}@oCwAk@c@]OiA_AW[W_@[m@]gASg@]{ACqABe@?]O_AImAKe@e@oDS{@Qg@e@{AHPMJG?IK?BTN@FCHLJ	24.3648	1710	Kedron parkrun	0	19	FALSE	2	Run	2021-11-19T21:03:03Z	2021-11-20T07:03:03Z	-27.4069352634251	153.046206263825	(GMT+10:00) Australia/Brisbane	4.6	0	FALSE	Run	6674752236	6674752236	36000	followers_only	0	NA	NA
1	37641772	1	1	19.8756	0	FALSE	FALSE	30.5697	6035	225.3	5.2	-27.4324136506766	153.033428890631	61f66468-731d-41d0-8720-250cd0263838-activity.fit	FALSE	FALSE	b10387460	FALSE	FALSE	FALSE	6294033290	4	FALSE	a6294033290	2	b~lfDi}`e\x@uHPOdAZzGrFrDG|CfB~Aa@hBmCdAExE`Gv@`@rBdDjD~CbAxAhAvCl@r@xF`AhDy@dAAj@Zj@`CShB_@HKe@\}@jA}@rAc@TDlBdExC\l@KHeCZs@`E^H^_@vFCOh@v@rBp@pE|DnBF`@b@Ln@O|@AbCRlBp@bBOd@s@j@Cb@nAzGlB~C|CjB`JrB~CjA`Ej@XQ@a@mCqCb@qCh@w@p@Id@VhEzFvBnGhAbO@hF^vC`BbEz@z@nDjAfBSv@m@fDyEx@Ip@b@jD}@|AkAdAsBtAgHpGaIjA}@d@?lB\`At@h@@[XAZL~@Zh@Ih@tAnA~AnCGJ^KAb@{B`ESrAZhBGhBj@zG?dDx@~DxAjCp@bEnA|C~HlJtPxUxExEvAp@nBjBzJdMjKxJQnAU|CRtBt@dBl@@lKfFcFvVg@pFi@bOwCvD}DfDUbE^XFl@k@vJZLk@vAz@jBe@|BCjCeAdDPb@h@WFm@MU_ARiA@uAwB_B]eB`@wEhDcAzA{@bCo@lFiArEm@hGeAlIf@bEjE|LEhETlA`At@dCFvAh@rIjIt@bAx@vBhCvAlB~CjEpC|FjHzDpB|C`Cx@tAQzCdBhC`@rBJpAQdBd@@j@}El@aBOoA[]{JwIcEiBsFuHkFcDsAqCyCuAaB}DsJqIuA_@{CCeAw@YgABaGgEaNw@{@N_BbBaHtDeXx@gCxFcEvBs@xAVbAbCzAWv@f@@h@[\SMNkAz@sBNsCZyAC]}@aBf@mAWw@f@cI?aAYo@RaEf@oAtCgBrCwDz@iVlEyRH{BmEgB}EqCm@uBCqA`@yDUq@O?iCaDaG}FwL_OwBkAqCwCa\yb@wBuFOiB}AoCy@gEA_Do@{I@}BZyBxBiDyGiIH_DqDq@qBPa@bBiB~AmBjCaBbIwB`DiChAsA@uAU_GrGqCOsCmAo@aAsA_EY{Bs@}Q_@gDaBuEoE}GeB?o@r@a@tB@d@|BxB?x@yHs@_FiAaGuBcDkCy@uCMmBo@eDbAcANc@oA}A[oBRwCXy@Ee@g@k@oBEa@w@oCuBcCs@S_@CoATgEKYuDYi@NQv@?rBWXmDe@_CiEcBd@}@p@c@jA^b@PSL{CeAuAiBAsDl@gEo@iAgAuCsFyCoCiAsAq@{AqAy@qEuF{@PcCxC{AJyCmBgDBoG_FeAa@QHg@bJ	60.75	5537	Mt Cootha summit	0	0	FALSE	2	Ride	2021-11-22T19:42:19Z	2021-11-23T05:42:19Z	-27.4323621857911	153.033658890054	(GMT+10:00) Australia/Brisbane	355.4	0	FALSE	Ride	6689431659	6689431659	36000	followers_only	10	NA	NA
0	37641772	1	1	7.369200000000001	0	FALSE	FALSE	10.617799999999999	5226	64.6	5.2	-27.4324804544449	153.033395698294	c0d50a0b-127f-4654-ac7e-ffeb123a66d0-activity.fit	FALSE	FALSE	NA	FALSE	FALSE	FALSE	6299864934	3	FALSE	a6299864934	2	v~lfDs|`e\LyA?k@H}@He@DcBDGd@Hx@b@LNb@ZT\l@l@r@`@X\n@d@J@`@Iv@Br@M\BNFb@d@p@f@ZP`@H`@Af@MNIf@g@^k@BKd@o@XM\BNFLNh@dAtAhBt@x@jAz@Tn@x@dAXTd@h@ZTTJZXHL`@V^^HJJ\Xh@Zb@J`@h@~@Zb@^Zj@Vn@N\@RJn@?j@DzAMhAa@pABNBn@j@JZRXVPAFGBKb@MNDA@PIZORUJMCEG?QBG@]T_@VY\Yf@U\Kx@IDDD\HTt@bAXp@NPrBXt@PDF?RHf@tC@|@DFAEBXRFZRXv@N`@NhBvATXp@\\h@VTVD~@C\NFJH\LLD^S^CNGDGJJdAGe@U[GACFRl@F`@Ez@Dj@?dATt@?j@`@tCl@pBRbA\r@J^b@`A`AbA|Ax@nAZ|@ZTDTAZPf@Lf@V\Bd@APVZR~Al@pBFp@Tl@L`Ab@NLT`@t@pCXpBF~AF^DlAAdABLJTDVCj@EV@xCPhBEFi@CYDmAf@m@RcBt@_BRYNu@NqBPu@CWF_@PYE_@?[HSMCg@@UE]o@qAs@mAm@Uq@`@WASGaC\o@b@Wf@MLg@Rw@l@oAn@O@OEOU?YRkAJsADMA]@y@AIMSMGsAK_@KoAOEENwBAeAFo@?o@Js@JqBBk@E]NkAFmAHk@B{ATqAXw@Z{Db@aBD}@Jy@BcALkBJeALc@LKTBPRJd@t@`@Pb@RxADJFAGc@UaAG_@@e@E}@DLAe@Ms@EqBDUIaBK[Ee@BGTKBMXe@@KA_@@Jm@m@GCkCMIGgA}Ak@e@g@m@qBq@MSAi@IKG?OVG@iCc@gAEIKFs@EEwAGqAYOMWc@_AiAYw@KMaAVm@\]\S\Kf@?\HPLEHQDo@?sAEQUc@@B@FAQOu@G@YTW@k@G_@@}@VcALkBY{AK_@OcA{@Ym@s@aAaAwBg@o@k@m@uA}@{@aAs@iAKs@EMq@MkAaAmBcCYw@W[g@?_@RMNg@pAw@~@MFYDm@Ac@IMIg@_@cAaAe@Ee@P[BwACqAgAw@e@}@cAo@o@s@Yk@IEBAFAh@Dj@CbAC\Mn@Ct@Bb@Gj@	17.5392	5186	Windsor to KG	0	0	FALSE	2	Run	2021-11-24T05:47:49Z	2021-11-24T15:47:49Z	-27.4324974697083	153.033535927534	(GMT+10:00) Australia/Brisbane	90.9	0	FALSE	Run	6695678342	6695678342	36000	followers_only	0	NA	NA
0	37641772	1	1	19.6236	0	FALSE	FALSE	24.7963	5440	39.3	5.2	-27.4325270578265	153.03326443769	503226a8-44a8-4ed3-ae9c-c76bce236db8-activity.fit	FALSE	FALSE	b10387460	FALSE	FALSE	FALSE	6302980785	3	FALSE	a6302980785	2	z}lfDc_ae\b@yFFUPCzAt@hGxElDKrChBx@@b@O|B_DbAK\VdEnFhAr@f@pAj@p@~ExEfB`Er@v@t@`@hEf@tCs@tA?p@x@XrAKdB[JIOh@wA|@s@lA_@VJXj@RDfA`C`Dh@RGF_Cj@aAd@C|Cd@[xG?Mh@n@xBt@tBpBd@Rf@fAKBFOEl@e@pBPvETHVf@WhDFVHq@VEnAtAxAjGjAdC~DjCjFjBnCZn@T~DFzBj@HWGe@eCuCVm@LoAh@_Al@M`@NjEjGzAzElAvHVnFHvFh@xC|@bCv@tAfD|ApB^fGoH|@Cf@\vASlAa@pA{@f@k@p@}AdAiGjCcEfCyCfB_BREpBZr@h@Cd@^P@P]t@l@hAA^QJ|BtCTHbAfBJJaBrC_@xAA~ARt@`@dKB`DhAjFpAbCf@tCrAfDhE~FzA|AjQtV`EjE`CrAvMvOfKvJE~CO~@X~Ap@zApEtC|EzBcFvVo@nJ[lKaDvDgE`DWfEBPZRLhAk@`Id@LKj@Yf@A^p@`ABXe@jBKxCo@dBMbAJ\h@[Lw@IY{C^k@aBUYm@]_AAqBf@iEtDBMOENCWf@tFwDlBk@nAZ`ApBnBk@j@FRj@Gp@o@\Q{@dAkCRyBh@iBEs@e@oA?]R_@?c@]e@RyAPiFEiA_@i@TeEb@g@@WpCgBvC}DPgCf@uQlDwMp@yDJ{AGYWOgIgDo@k@cAqBQiB^uCXg@?UQ_@_Ai@uHwGiFcHaGiHsBgAcA}@uBeCqB_DgBwB_JcMiCoCyA}BsAqAe@u@oBmFO}A}AyCw@{DC}Dm@}JV]L}AVaAvA}CIRS[CHE[?HPMkBoEg@w@w@aAH}@RA?e@eAGqBe@}BDyDhDmBjCg@rAeArFwA~BuA`AoAZ{ADe@[s@HsArB_DzCoBB_AOoB}@k@i@]m@y@gCo@gE?eG]oI_@iDyAiEuBoCy@}AIe@k@Y]B_AfA_A|BzBdCNl@Kb@uE_AmBB_JqBwBeAyCwBWYgAwDCuAi@aDNKC_BOcCY_@DcAIeARO\}Aq@s@aBO_AkAkC{BeCcA@[QUTyEEk@sCSw@RWh@Y`CqDg@_C}DqAf@wAjAWdALNJGJgDWo@o@e@oA?aDn@_Fm@kAgAiCaFyE{EuAgCw@g@yE}FYCu@d@_BfCs@Ve@AkDqB_ALqBEyFwEyAk@QNe@tJ	47.0304	4549	Windsor to botanic garden in rain	0	0	FALSE	2	Ride	2021-11-24T19:50:32Z	2021-11-25T05:50:32Z	-27.4323358666152	153.033872041851	(GMT+10:00) Australia/Brisbane	171.3	0	FALSE	Ride	6699019585	6699019585	36000	followers_only	10	NA	NA
31	37641772	1	17	11.0844	0	FALSE	FALSE	5.0778	1649	15.1	10.4	-27.4067291524261	153.046733736992	c322928a-ae80-41e3-a337-bda105f49e26-activity.fit	FALSE	FALSE	NA	FALSE	FALSE	FALSE	6310700486	3	FALSE	a6310700486	2	d|gfDczbe\BVHPFDBJN~BHl@Dd@F`@?VL|@Tz@C`CHp@Tt@\z@ZhAR^Z`@x@n@r@b@v@\t@t@PJx@XpBpAfAvAZr@X\h@|@H?f@UJ?JFJPd@lAVd@d@~@b@j@f@z@^b@l@dA~@hAPZh@^RXZXZ^`@b@XTLRRLd@Td@b@Lb@NJDl@DFHFPBFB^n@bA|@r@f@~@~@VPf@j@|@r@hAjAh@\n@n@TPz@j@RFz@TpARh@JX@hCZlAFp@R`BRTLRLVV`@PFLDb@Rr@DXf@~BCLE@@a@Ii@W}@_@}BMUe@Mw@a@k@QWAy@Mi@OKA[DWC{Cq@wAY{AW_AWOG}AsAWYi@c@Y[yAeA[YOUOOuAkAqAyAcA_A{@oA_@_@?WCE{AeAw@eAiAoAaBaCw@sAg@m@_BkCc@}@g@w@G?UJWPG@GGMY{@qAg@eASU[[y@o@wAy@]Km@[KGUYwAs@YQa@c@}@wAi@cBMo@M{@Eg@AgBWuAOyA_@wBK_AMu@K{@_@cA@B@C	27.6696	1649	Parkrun #30 at Kedron	0	13	FALSE	2	Run	2021-11-26T20:59:57Z	2021-11-27T06:59:57Z	-27.4069051723927	153.04626468569	(GMT+10:00) Australia/Brisbane	4.7	0	FALSE	Run	6707309393	6707309393	36000	followers_only	0	NA	NA
17	37641772	1	3	23.6556	0	FALSE	FALSE	56.6735	16997	28.7	3.8	-27.4324310850352	153.033427884802	bbf28640-30c3-42b9-8886-cbd9324569c4-activity.fit	FALSE	FALSE	b10387460	FALSE	FALSE	FALSE	6315920500	3	FALSE	a6315920500	2	n~lfD_}`e\d@mIyS{BG{AcKkJcAiBgOaAsMsA_L}BoFDoImCmDcCyBuEcB}Gu@o@s@aFeAm@h@_MaDi@\eLkSqOuCyELm@u@{AgA_Al@gEz@}AhAiPh@iGKxEi@bEz@{K_@e@bBwJK{DaGgOaAiAe@\Ng@WeAyIiSqA_BgBu@}@sEp@k@GsBg@u@XcBy@mOo@kATwBsAiVc@wBiAgB{UiTcU~AuDDuAi@eIr@aAqFo@aMu@sDs@}JeMgFq@JsBnBkWiGcLcAaBx@sMjBeH?yGgA{OoFgHk@iPHm@g@KeA|AoBb@f@b@bDBrGYv@m@QiA{B_\cFcKbAcHlDcSrN}E|EeChAqDfFsChKaHxm@}EvJ}FjE{G`Cot@fJ{CfBtAnDcAvCk@AOuAsAyAkE[iA`@cGtGwBvE}BvL}@jZ{@pLC`It@xHqAx@{JO_@u@iLsCcY}LWsAcUy[i@_DdAgE|@_QXWvFb@bEkAnBgSwPcCj@cMeKkX]W{DzBeBvCWCnAeEdAqAm@s@k@@n@HeAZ{@~AwAzDrArHa@bNsExMk@jDwKlK_OdLgAfBcIhFuH_B_DbBw@hB]tCi@^{U~Gug@~IuSjAu}@oBcGL}@z@x@v@WaAiCo@{HpBoBxBrFxDpBfC`MxSjV~e@rK~NlGnEzK~D|IpJbCzAh]tJzEb@`DQbNiEb@h@E~BdAx@rDAdFsD|@j@fFF`@dAP]f@f@jAcALoFr@}CtEaFzb@_N`[yEzB^bC|CrAl@nFq@zL~A`AxIOgA|BA{@GaB}NbK`@pKy@`Cw@zJgItDqIlAiHy@oi@VgLzA_]bCwObBeExIuI~E^lAfAZhB`@CfAsCYyAw@cBzC}A|t@iJhFkBbHeFrEmJ`E{`@xBcOlBwGfEkG~B_A`FyE~RsN~HqD~Iy@x[zEpB~Ch@m@?kHe@gDa@[gAr@Qx@P`Av@b@jNCfJj@tNfFbHhAzHAfMeBrB{@hKbAtVdGjAG~@aB|@GbMpFb@|Ix@lEf@jLx@vFtIm@|Aj@xEKbTsA`UrSvArBtBzYYtBv@vAt@pOWfBb@d@DhBm@nAlAvElCxA`LpVdAnAtE`Kz@jDAvC_AvHk@j@A~@\MAd@kBxWkAxB_@|CbCfCE|AnCrErNlK{@|NlIbA]|Lx@d@~G`UjB~B~B`B`IbCpFGbLdC`P~AjLn@hMpMFxAvS|Bk@lJ	43.6464	8625	Windsor to shorncliffe	0	2	FALSE	2	Ride	2021-11-28T03:16:40Z	2021-11-28T13:16:40Z	-27.4321836512536	153.033620417118	(GMT+10:00) Australia/Brisbane	166	0	FALSE	Ride	6712950623	6712950623	36000	followers_only	10	NA	NA
2	37641772	1	1	7.632000000000001	0	FALSE	FALSE	11.9646	5733	28.7	4.4	-27.432451788336	153.033371223137	8bbaad09-f6e9-4870-a2f8-911d28bc8014-activity.fit	FALSE	FALSE	NA	FALSE	FALSE	FALSE	6320453791	3	FALSE	a6320453791	2	x~lfDq{`e\LeBA]H{ALgAB_ACS}Aa@c@?{@OuBKcC[w@Sa@Bq@S_BFISLw@@Sc@U_@[uB{BoAiAW[WSaBaBU]Um@QKsC[{AWwAKe@KI?KPQHwA?g@KqBi@sACaE_@[CBBQ@q@SwAQoAa@gAKu@]iAUYBsA^g@Bi@Uc@C_@MYSeAe@y@GQQYIs@O]Oc@Ce@e@cAi@s@g@KWA]_AyAuA_EMu@_@oAs@wC_@eAU}@Kk@Ai@EGa@OGMDkAQg@Hu@By@Jm@HoA?FMCGYw@OmBYIWN{B@w@T_CAa@Fe@@g@IOc@Um@a@}@{@m@SY]eAw@wA{@Yc@w@[qA{@kAmAOKEBEb@Wd@NjACVMB_@I_@Qi@D_@[q@Kw@Cm@a@uAmA?c@Po@JkAT{@Ve@ZMTYNe@NQPi@EMe@i@CWVu@@o@J{@HWPYb@a@Fq@J]O\JeAVUB]AqAFoA?i@ReCJeANu@AuALwB?GQQF[VUBKBk@L_ADyAj@yC?gAEoAGGKk@KSIa@[w@MKOc@W]Ue@a@mAs@sA]uAOSy@u@W_@i@oAc@iAm@aAOc@S]KYCe@YSAGJ@RX^|Ab@r@`@`Av@tA`@`ATVb@V^hBhBdDRf@j@l@HNCD@Hj@lALp@Fh@J^I~A@f@CNMl@Sb@Qv@?r@Ix@ArAa@`@JLNH@ZEz@UxBFj@Ut@OrB?j@I~@IV?p@C`@Bx@O`AC|@DNDh@m@PWXOV[nAQtA?LBHf@`@b@Pv@`AFRE^BRI\p@f@\r@Jf@j@bAt@b@h@b@x@b@Vh@lAt@b@b@lAr@v@p@h@XRVNn@@\KnAOv@WvDSbB?RLNJDzB`@tD`@JLIf@@NFBFJD^CfBM~@Jb@InABFh@JDVKh@Zx@PZXfALP?JVf@rAjFb@hAd@dBr@fAVj@CAEVBJ\^zBfAlAR`Bp@r@Nx@V`@Zf@LpANjAMb@MNAxA^ZNjBRnCf@p@RMAHFb@DtAFpAPf@Bd@CZF`ADzAf@t@@r@JJCZYVA\JrDVvC^LLTl@LPXLz@bAbB`Bj@t@rBpBdAz@DVGv@@Nd@KTDj@AzAXvBNd@HvABxDb@PFDZFnBIbBYfD	26.294400000000003	5644	Windsor to JSB	0	0	FALSE	2	Run	2021-11-29T06:10:11Z	2021-11-29T16:10:11Z	-27.4325036723167	153.033352028579	(GMT+10:00) Australia/Brisbane	66.4	0	FALSE	Run	6717833132	6717833132	36000	followers_only	0	NA	NA
2	37641772	1	1	7.9092	0	FALSE	FALSE	10.6981	5526	62	5.2	-27.432504594326	153.033363344148	8f0fc57b-4ae8-4afd-af31-510655616a0a-activity.fit	FALSE	FALSE	NA	FALSE	FALSE	FALSE	6328830462	2	FALSE	a6328830462	2	n~lfDm|`e\Ju@A}@Hi@Dq@HKBM?}ABKDAr@PRJn@j@^TrAhA`A|@h@b@VD`@Cp@H`@ATGh@Bp@b@h@h@XNPDv@Cp@Qv@iAVm@PWXQPCP@`@TLTLb@T\j@j@r@h@Rd@V\`@\j@\\x@lAxA|BjBnAzAd@dAV~@Xh@d@n@l@h@XHpANj@LjA@lAQpA[|@Cp@JNJ\f@LZGYD~@GfBO\MFG?EAEK@YRq@\g@d@[h@Mx@[T?FFHh@RZ`@^RXJb@FFr@TbBL^JFFEp@HJx@Eb@LrAEVDN\LNlAb@rBrALPvAdA\l@LJf@Dn@KXF`@\@PA~@QLIVWXRfA?PMh@JfB?VHf@Cb@D`@FLh@FCLDEK`@?XPtAFRDr@r@`CRf@RZNLh@p@tDxAnA\r@Hf@TfB^b@`@jCx@`@DvACTLV@lB`AVZNd@Fd@V|@VlADlB?f@@VCb@AzBRp@@`@Al@Dn@@zAD|@J`AQLi@A_@Fm@ZcAl@m@VqCj@gB|@cALi@Au@Su@IQAODACBk@Ms@[YYg@_@Uo@q@a@CMFQRg@FKPm@@c@RW@u@TMLQ`@ON[TWHuBjA[Ie@Co@SiBKc@MKME_@@S_@QEIVsADo@Vu@FcAHOCE?_A@qBDa@Ac@`@{E?u@P_CDiAXyBNm@Rg@NsAXyAJuAFYIOBOBkA^mDBeANcADIJIXFJPJb@x@p@Vz@Nz@D?Og@WoAGg@?KPQBYG_AQkAKoDKaABWp@{@Be@Ks@GC_@Ju@BkCUi@My@Gm@Y_@_@Q]i@eBGk@?i@M?IOAOTwCGs@MY}@GUIW?_AVQTKj@^d@@Vk@`@k@@w@Sq@EcA]u@wAW]IQE]UCc@X}@b@}@n@MVI\@JBBFBJCLKPaBUW[?Bk@E_@EMWYGC[FoABc@Tk@PK?sAMo@SgBMm@Ww@y@y@sAG_@Sk@q@cAkAeAwByBi@o@q@qAw@c@yBgCg@e@m@kAc@S[?QDMJe@r@g@dA_@b@YH_@By@G]Mc@e@oA}@S?m@LcAGYDOAc@Yi@o@o@]oBaBo@q@MGi@IGFKlBC~@Gd@?v@BXIpA	21.3192	4870	Windsor to QUT KG	0	1	FALSE	2	Run	2021-12-01T06:42:57Z	2021-12-01T16:42:57Z	-27.4325259681791	153.033498041332	(GMT+10:00) Australia/Brisbane	98.4	0	FALSE	Run	6726797231	6726797231	36000	everyone	0	NA	NA
33	37641772	1	13	11.012400000000001	0	FALSE	FALSE	5.1232	1675	15.1	9.6	-27.406659	153.046726	764d5a68-e676-4b99-9ce6-d710f2694589-activity.fit	FALSE	FALSE	NA	FALSE	FALSE	FALSE	6339443473	2	FALSE	a6339443473	2	|{gfDi{be\GRAJLJJRFZRj@Db@J`@NhALr@`@nEAx@@`@Fd@Lf@JRNt@Vt@\v@j@r@^Zr@`@n@Vb@`@^N`@XrAn@r@h@^j@j@n@l@bARRJXZl@F@HC`@]HAFDf@dA^n@RXn@vATZr@dA~@hAV`@z@dAd@b@\h@r@~@dAbAPVJF@AECJJP\BRDFjAbA\`@JPTTh@d@TN|CxC`@Zj@l@p@f@bAbAv@l@PHf@Tn@Rr@NrBXzA`@^FpBR`B\n@Jb@Ph@`@\RHLLb@P^Hb@^~B@NEBGw@G_@o@yBEWQi@o@Sk@]YIQIiAKm@Ms@Gs@MaBYo@Sc@Iq@Em@Im@Ow@]s@g@w@w@q@e@g@k@sAeA[U_@c@]Yy@y@k@i@k@YYWOOWg@QQOWUSMSc@WMKUEGIC_@GO]_@s@_AcAiA_@g@wAcC_AkAe@o@s@yA[c@Uk@e@{@IEIBg@ZKCg@m@Qc@U_@GWU]_AmAYWm@[_Ac@gAk@{@q@q@WkA{@e@q@c@_AIUGa@a@wAG[Gw@A[Bk@Cs@YaCKq@KyAUwAQo@Mq@i@mA?L	19.368	1675	Parkrun #31 at Kedron	0	13	FALSE	2	Run	2021-12-03T21:01:02Z	2021-12-04T07:01:02Z	-27.406862	153.046454	(GMT+10:00) Australia/Brisbane	4.6	0	FALSE	Run	6738163023	6738163023	36000	followers_only	0	NA	NA
0	37641772	1	1	18.0144	0	FALSE	FALSE	16.273600000000002	3814	41.6	5.2	-27.448489	153.100846	6b8661e1-7ec7-4e01-8f16-3f8a80093672-activity.fit	FALSE	FALSE	NA	FALSE	FALSE	FALSE	6340595097	3	FALSE	a6340595097	2	t}lfDu~`e\Ju@^wEBKJMj@Lb@TnAbAl@l@vCxBpBB~@Kb@P~AlAl@Nd@?l@UZ]jAoBPQXIR?XHXVTf@b@n@~BlCZXb@PTP^bApA`Bb@d@nAfAt@x@j@fAv@jB^j@b@d@bA^xDd@n@CtBo@VEp@@VLPRPV^bADb@Gz@Ih@URKAMYJu@Pa@PWj@c@`Bg@HFTr@`A|AHXPPvC`@TADNGz@BHbDZ`A?@Sf@~@|@VfAl@nAlAz@j@VZVf@dFj@rA?xBe@v@K^QJ?E??CLE`BQ`BY~Am@d@WxA_BfBoC~@mAh@k@Re@BAIJHEp@iAnAaBr@{@PY^Yr@GNC^mALSODD@`@`@p@|@`@Rp@|@`@\`@n@XVF[tAmBl@cA^g@\_ATKL]^i@hAiAbAwAVQPJHMDSLURSTMrBKn@KjAEzCAdAGbCBnBIfCFbBI~EH`NApEd@IFcDCWJwACSIEMFu@DQBE~@FfBE|BJ|C[nCLp@G|Ag@d@IHD?LCJGANF^?FDz@C|Ae@|@m@h@g@tAeB`BeCv@{@xAsBG[pAgBFM?IVQ\LJC|CwDz@{@r@gADUTQ?DTq@LgBPu@FoBNcBn@qFNaBDcBLuAA[U_AYm@Y]{DcDiAq@gAiA{@m@_BiCc@iAs@cDe@sCiCkJYiBq@cCm@uAaAmBe@uAcC}FiAoBSq@QeBoA{DGOCDM]Ce@EOsAmCkAoBi@{DKYyBaCaBmBMUYWMQEQHPPCCDy@mAQGe@qAYqAIgA@_AP}@jDcLCGd@qAN_BIq@CIQMWw@i@w@qByAy@y@[U`@FKDmAmAi@w@aAeBQm@}@eBm@{A_ByAu@i@B[Y_@GiE@mAJcAJe@DCZ_C@m@A[Ks@]aF?gBBi@\gD\wFfA}KnAeQr@kHb@uGVqC\}BPaDRkBRqE`@kEVqBv@yJEe@Hm@CKWDm@AgDg@KJNB?NENWLUDGJCj@GVIHUA?If@EHI@k@GSYIqEe@eDc@gFe@}Dm@qHq@oBIg@MB?KB[K{@MiCK}BW_HaAgEWWHQ]W@g@MDDADEi@OYFUCm@g@oBQ}@KM?EB@BCe@IcBMcEEaBJ_Bf@k@Hc@AiB[}@AeA\_@XgBb@wDtAaAP_BH[E@Gq@wAu@wA	33.768	3252	Windsor to QML riverview	0	0	FALSE	2	EBikeRide	2021-12-04T06:39:48Z	2021-12-04T16:39:48Z	-27.432343	153.03384	(GMT+10:00) Australia/Brisbane	155.9	0	FALSE	EBikeRide	6739406445	6739406445	36000	followers_only	NA	NA	NA
24	37641772	1	1	8.6688	0	FALSE	FALSE	14.4251	5999	64.4	4.6	-27.432517	153.03331	d8375ea9-05d3-4249-93ad-34668f92435b-activity.fit	FALSE	FALSE	NA	FALSE	FALSE	FALSE	6349425460	2	FALSE	a6349425460	2	f~lfDa{`e\b@iEDoCPg@HG`@B\V|CnCpB|APBf@In@DpAKXLpAhAt@Zv@Ml@WTWjAwBTM`@@ZLx@|Az@z@t@`Ar@r@t@b@Vz@`@j@dFtE~@dBd@hAhBtBt@PrDVp@I|Ac@dAEXHz@hAf@|@YVSpB[DMIC]`@iAb@e@f@Y|Ac@JBRx@rAlBLZfCZh@@HIBq@Lm@GSA[`@e@x@CjCd@FL?Xa@pDCr@JGHD\hALBb@G`@JhAr@fA~@`@RbApA`@D|@G^XFp@Kz@D`@EnABdAL^Fx@LT\RHh@Kf@kAh@EFATr@fDCn@BTZ`AXb@n@|Av@b@z@|@j@TZT`AZrA`@lARdBn@fAXl@Dt@OvAJjAVpBp@p@t@v@fC\rB@hAL`CA|ANb@EtAB~ARfDALeA@gEfBo@PiGjAy@Ia@@y@M_@VUDOc@@oAa@_@c@iA_BeAMCCF]?_@LSVmA@[J_At@g@v@_DbBc@Qm@?i@M_COUMEOFq@Ak@Qc@XeBNe@RwA@gBEoAF_@XgGNcAXgEBs@f@qCZgCXu@\uC@cBLyBXyANS\CX`At@l@n@`DJH?hAX^XnAf@j@x@`@t@j@`AXjAb@zAr@lBZjCv@xAKt@X`AAj@H~B~@h@x@nAlFPhBDbETz@KtDNhCER}@BcEdBwAJ{Ad@oC\y@Gs@Hg@Eo@DYO?oA{@eBwAaAYFa@Zm@S}AL{@X]XI\SPyBtAQXOFe@Gg@Bi@OqC[KKEOF_BWUJo@PaCRa@C{@JuAByARuDRgB?aAPqBJg@@}@J_AXoAJuA\_A^yB\}FBmBTo@VQVJJNNn@x@p@VxAJXFCg@uBKaAZm@j@[H_@IYc@e@KUGcAMaAFsAAq@Vo@W_AKKmA@aAOOOO[i@QcC{BeBo@MYCg@OAERI@qAQ_CIKW?}@q@C_C[Q]iAsAY_AIIsA`@q@h@]f@Gl@BTXIDODsAGKo@Kd@S@KC][i@UPUQSCmEb@aEa@k@O}@m@k@{@aByDg@m@_CoB_BqBc@kAaAg@m@}@mBeBc@cA]WYCc@PiAtBm@l@e@Li@@s@OkB_B[Cu@NgBIkDkCa@g@oAgA}@SGX@h@Ej@Bh@WpF	24.912	5990	Windsor to QUT KG	0	9	FALSE	2	Run	2021-12-06T05:57:43Z	2021-12-06T15:57:43Z	-27.432529	153.03328	(GMT+10:00) Australia/Brisbane	172.4	0	FALSE	Run	6748908342	6748908342	36000	everyone	0	NA	NA
14	37641772	1	1	20.7684	0	FALSE	FALSE	35.750099999999996	6520	276.8	5.2	-27.4324299953878	153.033419838175	6f633445-d426-4238-8cce-5937ac7d2cf3-activity.fit	FALSE	FALSE	b10387460	FALSE	FALSE	FALSE	6353324683	4	FALSE	a6353324683	2	d~lfDg~`e\l@oGT[|@ZzGlFfDG`DjB`B[~AiChAUdFdGjAn@z@hB|E~ErBlE|AxAjFp@xCq@pABpAzBKnBW\Wk@`@_AvCyA\HjBzDvDf@h@eD^a@tDj@g@nG@Uj@z@rBr@jErDpBHj@`A[~DXhCx@dBaAbBpAxGrBjDdDpBhNtDlEx@Xg@wC{DpAyD|@EjFfHhBhFtBp[pBzEzAfAzBn@hAGlByA|C}Dn@Gx@b@dEiA|BuC`BcIbGoH|BqBbCx@Zv@`@d@E|@r@~AUt@jC~BjAlBcCdD_@zBBfAp@`HJ|GhAjExAdCd@dDbBtD~Yh`@hEtElC~AbMlOnK~JDb@eAtA?rA`CbFnKpF{EbXgAhUaDhEaE`DW~Dl@t@q@`K^Zk@vAz@~ADv@e@dBGjC_AzCHVl@SFm@Sg@_DV{@gBwA]iCx@qFbEgAtCsFp\y@bJYh@iATcDQ}KdEaGv@mJhH{EtMIbDl@xDGxB{AhBYrC[j@_E`Ay@lABz@bAdCo@tDbA|BFdAi@rBsCfBe@t@FzAzAjB?tAm@hAqDbCq@pAYpB@p@t@fBfCpAxDhEZbA@nA{AtDaBlMnBzVdAbDxAhAxVd@jAp@vGxHtACzCeBdG_I`F_ClBgEhDcE`Aa@jE]dBiBr@kDKcDNsAbAuCjEoFd@sAr@aQr@sBdAObA`@nBbDl@RrH}BxDoDhE_A^s@X_CSaCx@o@hAmIMuAmBeAyHaHgDmA{GwI_F{C{@aCkDiBaBsD}@aAgIqGyEWq@]o@cB?wESsAqFiOrHmd@bAsBjGaE`Cq@hAb@bAzB|BGH~@q@f@|AqEByBj@wBEk@y@{Ab@iAC_@a@Up@wIYmANeEj@sAhC}AzCiEp@iUhEwSF{BoIaEmAiA{@cDp@uEIk@oI{HsO}Q{HuGsZqa@oBoFO_BiBuC{@wDQeJi@wFTeCtBaEsBeEsC{CPkCcCa@cHpEaC`DeBzHcCzC{Bv@sCOeGhGmCJkDuBuBkFc@uD_@kPk@yDcBsEeGiHk@Lo@~@a@dCnC|CKv@kEm@_LcDmFaC{BoDeA}FG{@r@y@P{@u@sAc@wBNoEi@k@sBMaE}DyBq@OaCLwEaE?a@^a@zB{B?s@U{BsDgDhBa@z@Jj@XaCa@aBg@m@oAGsDr@cFeAoA{AiB{DwFeGm@wAoAk@yEoFq@TmBpCqAZ{DsB_DD_F{DgCgAo@xJ	64.83600000000001	6197	Mt Cootha summit #1 SSGD	0	4	FALSE	2	Ride	2021-12-07T06:07:08Z	2021-12-07T16:07:08Z	-27.4323799554259	153.033686466515	(GMT+10:00) Australia/Brisbane	496	0	FALSE	Ride	6753085941	6753085941	36000	everyone	10	NA	NA
3	37641772	1	1	7.009200000000001	0	FALSE	FALSE	10.581299999999999	5500	63.5	5.2	-27.432506	153.033358	50a45e79-bc5c-4e55-85cd-86ef8d383963-activity.fit	FALSE	FALSE	NA	FALSE	FALSE	FALSE	6360387989	3	FALSE	a6360387989	2	f~lfDcy`e\A[Hs@Lu@HcCPiB@cAFYl@P`Al@^L^ZR^NLh@R`BhAPFf@I`@FhAIn@R`A|@|@\dACPGRM~@qA\q@^Mh@BX`@@HP`@\d@tBbB`@j@b@RNNb@nAdAbAb@l@vA~@lAhALPTp@tA`CTNv@x@n@XxBV\?`@DXAxBe@`@Cp@Hr@j@XxAB^LTCL@NILWRW@OMAWFU\e@ZW~@i@p@UP@LLLp@t@t@l@dATDl@RfAHRGNTD|@FJhB@^Ax@DVHXt@Dj@V`@\|@\d@b@^N@RK`ARn@CRPl@Vn@Dh@ETFn@l@Ef@S\Dt@GLALHb@Bl@PPHP@x@Zd@FBP^Ct@MPu@XDFHt@Rx@Fj@L`@@XV^D`@H\FLb@t@Jd@Vh@h@j@bBbAb@BLJh@Hb@VbAXr@B|@`@PCz@h@zAd@f@J~AJl@NpBv@h@x@\nABV\v@BjANp@?h@Fl@?b@HpAKd@?PJ`@Dj@Ir@?hBBl@XzAKFg@Gu@Tc@R]JcAj@oAd@eATg@ZiAXe@C_AHm@Kg@?c@FUC]HMKCKGq@Am@[k@Me@[_@k@]_@@QJq@Qa@TOG[Lq@Dc@Jg@VQf@UPaDlBQ@[Ks@@}@YaBKUGIICSDoAKOCILu@VaAFc@Aa@HYCw@DmCFs@@}@NwA@gAJgBPyAXiEfAwFZqB@QAu@Dy@PcBHa@AcAZcAVMVDFLHj@p@^LLLpALb@J@FKEWOSUa@Oq@Ca@BILMJUVEROL[BQC_@EEk@YOi@?_@Ks@?ML[Gk@?[BOAa@@QNWBQK]YFS]MIs@DgAM{AqBcByA]S[@WGWg@AYKAMLO?iCW_A?ICEIAa@FWGO}@Ks@?a@I]BUYQe@_AwAIe@IKY?y@\w@j@[h@IVCVFTNCJOHq@AW@WQcBAHEBUc@YJm@Oe@CUBgA^wA?eDa@c@K]So@o@{@aBQi@w@gAK[OSaC}Bo@e@Yg@[Yo@sAg@QSO}AyBk@o@y@kAg@SU@SHW\y@`B[\c@T{@Fq@Qq@i@i@k@YMQCcAL{AEwAkAo@_@QEEHAhAEPOVExAGLQHW?eASgAIIDAJ	19.368	5434	Windsor to QUT KG	0	0	FALSE	2	Run	2021-12-08T20:04:33Z	2021-12-09T06:04:33Z	-27.432792	153.032979	(GMT+10:00) Australia/Brisbane	96.8	0	FALSE	Run	6760797773	6760797773	36000	everyone	0	NA	NA
33	37641772	1	23	11.7288	0	FALSE	FALSE	5.1046000000000005	1567	15.1	9.6	-27.406684	153.046736	058b39e3-2c17-4e4e-a521-dc2823462c46-activity.fit	FALSE	FALSE	NA	FALSE	FALSE	FALSE	6367747112	2	FALSE	a6367747112	2	f|gfDe{be\AB@HHPDXFHVhAHzAX~AHv@HhAHn@?hBDp@rAhEp@|@fAbAh@Zj@Tr@j@v@ZbAn@XLRPVTl@v@`@r@PT`@t@Zd@L@JEXYFAJBDDTn@Tf@pCtEn@x@T`@~@tATXVPd@h@tAlBz@v@HLDTJHJTv@f@V`@\Vb@TZZt@dA`@`@j@d@nApAz@n@\`@vBrBhAr@~@^r@Jf@DzA\~@Fp@PfAPR?XBf@L`BVt@ZRRd@TLZd@rBDd@TrACF?KQw@OqAIe@Qu@Ic@KQu@[]Uu@U{D[aAOi@OWE]Is@GsAU[C{@Yg@WuBeB{@_Ai@s@i@c@_@Wy@y@m@c@cBwAuAyASa@SSKIUEGKSm@U[WQYYg@s@}AcBkCoDwA{BSe@kAsBc@m@GCO@_@XE@EAc@o@k@cAi@iAY[mA_Ak@YyA}@e@UWYWUa@Os@c@o@o@y@oAa@uA[sAE[Cm@@gBEg@Ms@Ci@WoAAS[_C_@mBQ[Uo@@H	20.376	1567	Parkrun #32 at Kedron	0	30	FALSE	2	Run	2021-12-10T21:04:07Z	2021-12-11T07:04:07Z	-27.40692	153.04644	(GMT+10:00) Australia/Brisbane	4.6	0	FALSE	Run	6768735138	6768735138	36000	everyone	0	NA	NA
35	37641772	1	1	22.8456	0	FALSE	FALSE	68.489	17659	28.7	3.2	-27.4324258882552	153.033434255049	e755e887-f25c-4969-bb52-4e89f7a982e4-activity.fit	FALSE	FALSE	b10387460	FALSE	FALSE	FALSE	6373122272	2	FALSE	a6373122272	2	h~lfDc~`e\h@mHyS_CE}AyMcNmJ{@kCRgZoEyEBiJqC_EsCRKaByDqEgRu@e@RcJ_@q@{Cq@`@_LkSyO`@ZgDoFH_AcCgCZcDbAaC~BeX]{@bBiJI{D{FwNqA{Ak@b@\s@Ss@eJoSuDqC}@wEj@{@g@mCPsBu@cOq@yAVsBuB}Y{WmW_TvAwELiBo@sIb@{AwS_BkPeMsFsB~AcARkWgGwK_AaBz@yLfBiI@oHuA}M_F}Iq@eOPcAcB|AyB^Vd@jD@~GYv@u@Y_AwBs\cFuIz@}HrDoY`UgChAmEbGqCrKcHbn@uEzI{GvEaGvBus@`JoDbBzA~DwAnCaCsD{E]gJhJyAxDgBhJgAr[s@tGOtOr@pe@oDjMiGrHeI|DwK|@{J_@dBbOd@GuBNV~@kAyIcLuAcGn@oAo@wDsDoXzCai@~PoDvEg@bD?tFa@ADg@aAdBuAuB}E@eAs@qFfDkDPiAkAOuCeNnDeHRk^eJiF}CoHqIuK}DqGuE}McR}Tqc@qLcSyIsHj@}A`Am@lI_BuEn@A`By@RwcCudBv@]dAhAoBfGa@i@Vj@|BkFIeAoAy@qJ}@aJiH{DmF{BkIsDeUBeBgFmWnCcCl@oJhBaLxB_ItD_InCyD|FcEzN_DoOpDwEtCaDzEsG|P_CzMy@xJeCzB`FtW?nBtDbUdCrIvKtL~CbBbH`BzbCzcB~@T\_@OmAvEeA|@@f@fAfAZwAOYmAsBB{HtCeAzAvErCxBjC~Rb]dOlZ`LzOnDhDxOlGbIhJxGnDd_@|IjG]hL_EV^GfCfAbAdAFlBIjFsDz@l@|E@t@j@f@r@pAgCz@gIhDkEvh@wPtXiDnA^zD`EjGi@~KxAvAxIScAvBYc@^U_@sAkNzJd@nKcAnImEvCwCrCuF`C{JJ{E_Aq\V_Td@gDx@iX~ByNpAcDfJkJ~EZhCrDjAqCqAuD~CoBzu@sJbFsB|FmE|E{JxGul@lCoKdE_GdCgAxEwEpS}NlHqDtKy@rZbFtBxC`@{@QmH[sCk@YqArBfAbBlOQnIr@rMxEdIrAjH@fQaD~Jz@jWhG~@Iz@aBbAIvLjFfEve@pIm@vAj@vDGxUuAdU`TnAtBrBhZ]vAr@lBt@`OW|Al@nBA|@k@d@|@nElDjC`Vdh@DhEoBvJb@`@}A~T{BvK`CzBExA`ChEzN|Ky@nNrAz@rFj@PtAi@lIvAlA|H~UO`@tDvBbJnCtEKzLbCnQdAfJfAvM~MCzAdTpBs@pJ	45.9072	10792	Windsor to woody point jetty	0	13	FALSE	2	Ride	2021-12-12T03:02:13Z	2021-12-12T13:02:13Z	-27.4323708191514	153.033769866452	(GMT+10:00) Australia/Brisbane	194.2	2	FALSE	Ride	6774572607	6774572607	36000	everyone	10	NA	NA
14	37641772	1	1	7.948800000000001	0	FALSE	FALSE	14.1121	6601	65.3	5.2	-27.432671	153.033308	f153cd34-bfd5-45cf-a7de-cd774dd57e74-activity.fit	FALSE	FALSE	NA	FALSE	FALSE	FALSE	6385802473	2	FALSE	a6385802473	2	n~lfDm|`e\@g@V}CJuCDKFCTB^RzAlAdEtDTBtAGjAIXJrAhAn@Vt@Af@U^_@bAmBRUh@I^NLLt@zAf@p@hBrB|@f@PVXt@|ApBpBdBh@j@pAzB~@jB`Az@ZHdE`@bAOnAi@h@Gn@BVLZf@LZZ\StAY`@IBKG@SZo@d@e@p@c@jAUJHRl@V^x@lBJJfD\FHDr@LPNFbDP`@GG?FAJLJZNNhAXz@^nAzAz@d@n@v@d@Jv@?VH\d@?`@S`@Dd@E`B@T\zBFN`@b@H^ATENo@j@ER?Xj@xC^bBf@dAt@hAl@n@zA~@`@NfA^rB`@fA^bATjAh@`Cr@nAFz@PzAj@VXPb@Db@ZpAZnCAj@J~B?rAL~@EvAB|BRhB?HEFw@@mFxBuE|@aALu@GiCg@EOIu@{@{Ai@a@_A[aDPa@Ho@\m@z@mBrAgAj@eAGk@OgBSUGOW?iAM_@A_@^}CNa@LiEJk@Hw@DEC??SLs@DmCTyCHqBb@}BH}@x@kFL{DPiCTiAHOJEJ@JJXr@t@t@v@fENj@T`@d@~ATVfDdCxL`DxBHrA@r@Rt@Dt@^^`@N\t@rCZlDDzAAnBFjAGxAVnD@n@ONcDt@kDjAeFr@k@CyAQm@@WOGMCk@y@{Ac@k@]UMCc@?SHMIc@Lq@KaAPg@VcAlAo@LaBrAUJUEo@BmCc@_@MKMCM@iAWYAKFk@V_@Ne@Hs@HYAa@Fg@@_BJcAK[?SZqBt@kLn@aEHw@b@qBJs@Fs@@cBTeEHa@HKR?NHRd@f@`@PVh@nB?W]gDFKVQCBF?^[HSBWI[g@m@Qe@B[Es@UmA@QL[?s@Fe@c@aAUQiAAy@SOKuAgBo@i@y@g@w@U_@_@EMHQOu@D_AFQDaBKUYQa@E_BGe@HYZ]xABr@CFWLW?y@KmAa@g@_AaAoAGo@[EiB~@y@v@Sv@BPHFRGNa@LgBNYmAoAKFyBFkAVa@@_E_@w@WyAcAa@{@s@yB[m@i@m@mC_Ce@k@i@{@WcAMKg@KYQwBgCeAaBk@WYB[NMNu@zAo@t@k@Vi@Bc@KsAqAe@]]Aw@LaBK_BuA_Aq@u@{@m@a@kAe@ILIr@E~CMz@OpB	17.0388	6392	Windsor to QUT KG	0	4	FALSE	2	Run	2021-12-15T06:11:25Z	2021-12-15T16:11:25Z	-27.43247	153.033481	(GMT+10:00) Australia/Brisbane	165.3	0	FALSE	Run	6788300988	6788300988	36000	everyone	0	NA	NA
0	37641772	1	1	20.2356	0	FALSE	FALSE	36.600300000000004	6938	276.8	5.2	-27.4324459210038	153.033345155418	a0b16536-4c3a-4ed9-9fb7-a368cd90054b-activity.fit	FALSE	FALSE	b10387460	FALSE	FALSE	FALSE	6389741629	3	FALSE	a6389741629	2	d~lfDg}`e\p@sHTWrIfGjDGbDpBvAUtBuCv@SfF`GrAx@x@bBdFlFnB`ErAtAzEz@hD_A~AHlA~COpAg@\CmAxDqB`CzDrDd@PIGy@x@uBnDTYnGHQb@x@rBn@|DxDvCj@DnGT`Bx@~A}@`AEd@pAjHrB|CbC|AhUxFNeAkCwC^yBj@cAnABpD`FtCjHt@hHt@pP`C~FlBtAtBl@dBM`FoGl@Iv@`@tD}@hCgDpAwHfCaDhCkCbC_A|BXv@z@KjBv@h@tEbH_CrD_@|DRXz@rPv@tDzAzC`@fDtAtCx\`d@bC~BfCvA|LfOlKvJHbA]lDtA|DnLtGmFzUgA`WmDlEuD~CQvD\h@AdAi@`If@f@i@rAv@|Bg@fBMrC{@fCBh@`@CNmAkCN_BsBaAUuBh@uFtD_AzAk@zBiEdWaB`Nc@fAs@N{Dc@kJnDaGhAsKrHwEbNEfC~@pFI|@iBjCs@vD}Dv@y@bABtAv@zBm@pDxA~Di@jB}ClBe@~@FpAfBtBEbBgErC}@xAYlBGnA^dA~H`Ht@jBApA{AdFuApJr@vPr@~Gn@|ApBbBtVl@bAl@pHtHz@CjDyBzFsHfEmBbAeBd@qBrDwDlAm@zDMjBqBl@mE@_F~@cCnFiGjA{Rb@wAlBe@|@j@hBvChA@vFqBtDiDnEaAbAuDCqCl@m@PqCbA}D]uAsJqIkFiCkFmH{EqCmAoC{CwAaC}E{J}H{EYo@i@o@cCA{EgFcO\kExFo_@v@eBbHqEfB]hA\|@dCnBc@f@`@Aj@a@XMSjAoD@aCd@oBo@yBh@eB[c@f@uJ]gAR}Db@aAdDsBfCmDt@oUt@sElAuDtAcK_LgGa@cASoCbAwCO]cJ}IuM_P}DqC}C_D{[ob@gAoCNy@zM}KlA]h@^sCvCn@xCkFuKa@}DaBqGDiAr@wAm@YKnAPRc@oFyBgJ_DoCuB_Dy@^CfA}DiAmE^[b@Nz@mDzE_BjH{BpDkCfAmBQq@BiF~FoC^uDsBwBkFo@eEQqKs@oHgBwEmDiG{Am@gAhAk@fBDj@~B|B@x@yU_G{CcByAcCoBiIlAqBo@}@a@uCRoF{Cg@{EqEqAM[g@Dq@CTU[TeFmEM{@xDqDi@qBiEqDfB[t@Lj@x@g@J}B?_@y@cAwBQkD~@sF{@wDyGeFmF}@kBmHkHs@ToBxCaBVsCmByDDsGiFuA]q@vJ	69.1092	6511	Mt Cootha summit #2 SSGD	0	0	FALSE	2	Ride	2021-12-16T05:54:57Z	2021-12-16T15:54:57Z	-27.4323586653918	153.033639444038	(GMT+10:00) Australia/Brisbane	510	0	FALSE	Ride	6792524309	6792524309	36000	everyone	10	NA	NA
173	37641772	1	1	21.5208	0	FALSE	FALSE	57.2011	17054	62.8	3.2	-27.4324629362673	153.033379269764	66179032-a8f6-420f-be99-fbabe41f05c6-activity.fit	FALSE	FALSE	b10387460	FALSE	FALSE	FALSE	6401155546	2	FALSE	a6401155546	2	h~lfD{~`e\h@_H~IhGlDItClBtASbCcDt@GfIbIt@hBtFrFpDfGlF|@jF{@lAbC]zB[YZ{@jDcBvBzDrDl@DtAzD\j@_@^jAhBh@dExDjCXd@~@UtEpApEaAhBnC~J~DhDzSlFTo@eBkDjA{DpADtEbH|AdFpAjI^pMx@jDtB~DxDxAjC}@bEgFlCT~DcBlBsDhAqGjJsJxElAfAnEIv@zDdFmCrEOnBZh@h@_F|GcGdEoKtHwItL_I~GeC`RwMz@{BDeDo@ATpCy@fCcIdHmGlEuKfEgV~RyBbJwFvGq@zFr@xNhAjExAnC@jDnAnC`_@ve@vEzClLlNxLbLk@nF|AtDfLtGgFxVaAbViJbJUhEr@Z}@xKXn@i@fA^fB]tAHhDq@dEjE|NlRfh@rEnIvEpEjIxCfGf@nMaBnNZfUlNr\tGxKaCxN^fAc@`A|@z@SvBpAjDbEdHfL`EvDxDzBv_@zNnD~CdDAXbD`GdMpCnMrD`F~DjAli@|FfAAC_BGv@aARIrAX|@|NZjEbBpDI`ItA~AOfBiAdAiDtD@lGhAnHlDvVtQzJlC`HjEbL{AxGD|]rD`N`CxAr@dBbDnCrQqBcOeCqFvAfAtBFlG_Fne@kQtHiBnSeBnQWrDRxC~A{DiB}HG{MZ_TvB{WpI}ThJsFxE{G}CyD_A{h@yFsP|@q@p@}A~Fs@iA|@y@f@qB_@wAkIwD{HqByXuRoGeCeKgAuAtDyDnA{IaBiD^Uq@gD}@{Fg@kHG@wCtCmKCkB|DaNnAmAxA}DrDuDnIwMx@q@yApBzDx@f@iCsAyAaM|PoDrD}AfEuAxAkD|LCrBgCfJBl@|@r@wWaCcS}B}DqAwCmEcEwP_FeJQaDqCDmDaDi^{MkHiEyIuMoFmG{ByAqABcAq@sAd@cO[wKzB}[{G}TcNwKa@mS`BcFo@wF}B_GwFkE_IgSyi@mDmNbB{K{@{Bf@iA_@u@r@gK_@m@R}D`@gA`DuBlCgD~@gVtEsV_LkGcAkE^cCSoBmIgI}NeQsGkFc\cc@kBeFOgByC{I_A_Rv@iD~A_CgGoJFyBsCk@wE?m@rCqChE{A~HkCnDmCdAmCe@cGhGiFm@qAyAqBiF}AuYkBiGyE{Fu@O}@|@i@lC`CfCM|@aUyFaDgBkBsC_BiHhAaCeA_DAwGkCm@oD_EyCeAGqHcECiAfFuDgBgBmDuCxAo@jBf@MPaBCiAm@_AiB_@yD|@kFcAaEyGqP{Rw@@oCfDqAPwCkB}DAoIgGcA`K	55.9728	9569	Windsor to Jindalee	0	90	FALSE	2	Ride	2021-12-19T03:05:36Z	2021-12-19T13:05:36Z	-27.4324401374906	153.03376307711	(GMT+10:00) Australia/Brisbane	503	0	FALSE	Ride	6804849686	6804849686	36000	everyone	10	NA	NA
31	37641772	1	1	20.282400000000003	0	FALSE	FALSE	35.243300000000005	6483	276.8	5.2	-27.4324324261397	153.033392429352	b0162eea-d5f9-4367-ad64-4036254078a2-activity.fit	FALSE	FALSE	b10387460	FALSE	FALSE	FALSE	6408440559	3	FALSE	a6408440559	2	h~lfD}|`e\v@eI~B`AvEpDpDGrCfB`BMvBsCrAIdCdD`DnC`@lAlAxAnD|CzAjD~AlBpFx@dFq@pAjBKzB[`@MYj@oAbDqA~BxDdDl@HnAtE^H[d@bAzBz@rDdD~BTv@hAY|@EdC\`Cr@tAgAvA@l@rAdGp@xAvAdBjBlAbObEtEf@NYGa@cCmC\yBn@kAjAHrEdHbBvEpAfORdGl@lDlBjEtClAdAVvAUlFmGt@Ef@\xASjCiAdB}BvA{HxFmHdBwA`CL~An@AfDjAxC|@n@nBlCkBxCa@jDn@hILrF~@vE|A~Cb@xC|AhDdTdYtDzFlEvElCzArLzNpK~JTbAN[y@xDdArDtC|BhHjDkFvWaAtUaD~D_EjDWtDb@d@Dv@q@vI`@Jc@nB|@`Co@jFaApCDj@d@IHeAsCVJEeBaCkASkHrEs@xAiAdAk@dBsAnKaAnDqC|R]t@}@^}DW_L`EoF`AiJnH{EbMKpDl@zD?rAaBbDS`CcAbAkCPcA~AdAxEa@xCfAzDk@jBwCpBe@xA`@vAlAvADvAiEtCkAbB[|AEtAZ|AbC|AnD|D`AfDsBfHw@xIf@lPp@fGf@xAfBzAzIDtLt@n@\~GrHjACxEwBrFwH`EiBlAiBNiBfDuDbB_A|DIvBiC`@eDBoEdAmCxEiFZy@`AiQ\yBz@g@n@Bh@^~A|C|AHbFgBtE}DlE{@f@_AXsDa@}A`@mD{@eD{AkCj@oBI]iFcF}B{@aGyHsFsDyA{C}BeAmCcEeJyHmAi@wCAeAe@i@uALmEOeAiAwBmDcLdHqc@`BqCdFqD`Cs@pAj@x@|B`Ce@V^Av@_@TEi@|@uCFsCf@aCaAeBf@uA]m@h@gI?}@_@c@VaEb@mArCiBfDqEt@iUlE_SJwBaLkFk@iAOsAf@oHoLwK{JeMaJmHc[eb@cCuFMqB_BoC_AsEg@aRX_ClBcD{D}Gu@g@YaAVqBcEEuBv@mFdGqBjIuB|CmDfA}Ac@e@L_GrGqAFeAYcCqAyBuEk@{Dc@eMi@mGwAsF{E{GwAUu@lAa@xB@d@bC`CAh@YR{AgAuDg@qMeDeBgAaBwBkBiJhAaBkA_G`@uDGk@qDWqDwD{Bw@U{@_@T@y@mFM?a@wBqAyAUsAcC_DvAi@xAZXPQJ{BiAcCyA?oDr@{Es@wA}AaCsEcFkFw@{AcEuDwAuBy@NmBhCoBZ{CgByD?cGcFcA]ONi@bJ	64.3896	6255	Mt Cootha summit #3 SSGD	0	11	FALSE	2	Ride	2021-12-20T20:06:32Z	2021-12-21T06:06:32Z	-27.4323827214539	153.033589320257	(GMT+10:00) Australia/Brisbane	491	0	FALSE	Ride	6812751500	6812751500	36000	everyone	10	NA	NA
5	37641772	1	1	8.2908	0	FALSE	FALSE	11.6151	5090	64.2	5.2	-27.4324513692409	153.033339120448	283e2c52-24bd-4e73-994c-f6315bd4f7e5-activity.fit	FALSE	FALSE	NA	FALSE	FALSE	FALSE	6413772126	2	FALSE	a6413772126	2	b~lfDg|`e\BIAa@Jo@Aa@Fe@J]VoCJSl@LXPt@f@n@r@`@\bAj@PT|@l@PB`@Ez@F~@M|@b@|@v@`@Pj@A|@]NO|AaCb@I^DJJr@~Ap@d@fBvBt@Vj@xAnBvBr@j@lBnBJZb@l@d@hAl@z@`A|@|AXdBL|AI|A_@h@GZ@pAbBDH?TBFOvBSTQ@OQAc@Ja@R[NO|@e@xA_@J?Ph@`A`BRf@`@D`@PdBNHHDN@n@LJbBDp@ChAN^~@z@Lt@`@jAv@b@b@v@d@Xh@NN^JhAF^`@Nt@?JG@GPFr@GNG`@@b@Hb@Bt@CTP\h@b@Nl@I`@m@b@El@`@rBHRXjBx@vBJJp@ZFTZ`@^PFLh@Td@JdAd@vAXVN^?bARn@V\b@z@VZ?|@`@|@C^LXANFPA^ZVFh@Z^j@r@lCVnBPfEA`ANzAArAGl@HlBHr@?j@KBk@IQB_Bn@q@RmAf@{ATqA`@oBZ]?kAYS@_@Pe@DKCBGKKEWm@eBu@}AOG@EICUDSNU^GVURUFeA@c@Fw@d@cAx@_AHw@f@S@[QM[GYC_@HgBDS`@TXDWDSl@]\EdAUDiBOiAAIGGmBCOOMCUb@qDNYCm@Fu@?_Df@mFLiCAq@RoCZmBT}@@[r@eEJoCXkCBw@\y@TIPBRn@v@h@R~@HTFb@DBDC@OEOOQG[Fu@Iy@FSd@[JW@MEc@a@SOo@EcBAsAFm@UH@KKYV]DI?MMSLMAWYGkBGa@Mc@Dw@GcAAe@Ok@_Ak@oASu@AUGOAg@MYAq@L_BHYBa@KW}C_@WFYf@Kf@?PFn@F^KPMJe@KWDwC_A[k@s@_@SYIw@s@?u@Ri@`@Y`@IXEj@HNHAHOLsAOi@C_@IAAF@k@CQk@WmA@YDg@VwBJsCU]Ig@[q@i@_@i@a@kAaAuByAsAc@i@eAy@]g@g@e@W_@I]g@[]]cB{Bu@s@m@cAOOc@Ga@RaAvASf@i@d@k@Li@Au@YaBoAc@Ei@Lo@Ge@DQE_DcCsAmA_Ao@sCq@iBGeC]qDSWf@EXKnAAhA[~C?x@UfBNr@JJdA@hALDTE|BBHHB	20.2608	5043	Windsor to QUT KG	0	0	FALSE	2	Run	2021-12-22T07:10:03Z	2021-12-22T17:10:03Z	-27.4325480964035	153.033463340253	(GMT+10:00) Australia/Brisbane	97.3	0	FALSE	Run	6818417819	6818417819	36000	everyone	0	NA	NA
26	37641772	1	1	21.8484	0	FALSE	FALSE	35.7239	6105	276.8	5.2	-27.4324342701584	153.033371055499	d57f35d8-f844-4a86-a47d-b9eb6976c8b5-activity.fit	FALSE	FALSE	b10387460	FALSE	FALSE	FALSE	6420681033	2	FALSE	a6420681033	2	f~lfDy}`e\j@kHTS`Bv@lFxEpDK~CpBlAIbC_DdAK|E`Gz@j@dCvDbDxCvDtGnFv@vDo@nADt@bBG~BMb@SAEg@v@wAhCcAVDbBxD|Dh@l@cDX_@rD^W|GFUXr@|Bz@zDpDtBH\XErDFnBfAtDwAdBj@`DCt@~AzE`D~BfE`BjGxA`BEfF`AFo@Ws@uBuB\yBn@iA`BBbDvEnCxHEdBp@xCVxFCpEh@pDfCtFbAp@`Fx@vFeHv@Ep@\nD}@rCaDtAqHvFiHvBgBnCFx@x@?lCvC|DZjAnAdBwBnD_@rCV|@`@nPt@pDfBrCZjDjC~E`G|GdRfW`EzDpBfA`NxPvJtIWzEdAzDfCrBlHhDmFjWeAzU}CzDyDxCMf@MpD^\?`Au@pIb@B?Rc@tAx@zBo@dCMbCw@dCLd@j@SH}@}CPeAoBqAk@yBh@cEjC}AvB_A`EkBrKwExYcAd@sE_@iHxCgH|AcItFmAvAiE|KErDn@pEMbByA`C[`C_@v@_Af@wBNaAdAAz@|@rCm@fDhAdC@v@g@`BiDnCYzATr@pApADrBk@x@yCxA_AxAQdAMvBf@nBtCrAhDrDp@xAAnAeB~FkArJn@lQr@`Fh@dBlCnBhVd@z@d@rFdHfA`@bAO|CgBhG_IfFaCfBuEdEaEhA_@nCG`CeCZcKfAqChFqGrAgSb@eAbAe@dALbChDdANjGgBpE{DfDq@r@sAPmCUwAz@u@f@}Fd@{A[mAkK}IeDmAmG_I_GqD{AaDoCuAmB_E{IyHiFi@cAk@c@yA@qEOmAcFsNrCsOfCsS^aAb@Q|@iBpH_EzAPx@dCdD[DdAu@`@JoAz@aBFsCf@aC{@mBf@cA[iAf@eIc@sBPcDr@iAxC}BnCyDn@mTtEgTD_CeLuFy@oDbAqDGq@_LaLsL{NwEiDaDgDyYs`@yAwDa@oCmBoDeAsEMsHk@eHb@gCrBqDsGyIKsCgC]aCz@}FbH_BrH{BfDeC`AiADyAg@qFrGwAd@kAO}CmB}BqFa@oCOeJy@iKgBaFgEgGeBOm@~@e@xBF^dCtBCt@iFcA}AHaG_BaEwA{DeC}BiLzAkBw@}A]gCh@cFg@g@kCG{EgE}Ag@_@iA\qEIk@mEE[l@EbCMDsDa@eCgEuAd@mAhAUr@Dv@NON}Dg@w@uA[eEv@iF}@_E_HgFiFu@cBmHoH{@^eBbC_BT{CmB_EAsGaFeA[o@vJ	58.305600000000005	5886	Mt Coo-tha summit #4 SSGD	0	8	FALSE	2	Ride	2021-12-24T00:16:20Z	2021-12-24T10:16:20Z	-27.4323983956128	153.033721167594	(GMT+10:00) Australia/Brisbane	508.8	0	FALSE	Ride	6825865435	6825865435	36000	everyone	10	NA	NA
20	37641772	1	1	8.542800000000002	0	FALSE	FALSE	14.3065	6055	65.8	5.2	-27.432505	153.033472	7a8a117f-69b5-47c5-bf76-96a4fc7eb115-activity.fit	FALSE	FALSE	NA	FALSE	FALSE	FALSE	6427647110	3	FALSE	a6427647110	2	~}lfDi|`e\ByA\kCBgANu@j@LpBhAfEtDhEAfBtAj@Rd@?t@QVUpAwBX[TGb@DXXRh@d@z@hB~B`@Zx@^v@xArBtBzAhBz@|AhAfCb@j@NJfA^jE\jAUpAi@j@C`@H|@bAVLNCO@B`AObBKXSFMEEO@m@l@aAnAo@bAOJJHb@pBvBpD|@DLAp@DFfEZVGR|Ap@fBXd@`@ZnAL\TR?TSI[NEh@p@PJhB@VTOH?RV`BC|@N|AL\@x@Th@PNFVAVI^k@d@Ab@x@jCPvAP~@Pj@Xf@j@r@zAlAlAf@LLfAPt@ZdDh@pAt@vA`@pALdDn@d@TVZPbAhAbFFxBJ`A?hAL|@K`CHbBNzAIFy@HcBx@gCbAuARmBh@mARkASs@Hm@?QJO_@CoAi@e@_@_AY_@wAw@WLY@e@ZOSm@H]RcA\mAxAiBrA]Lc@K_DS{@WGY?sASUA[t@sEBiAIeBPaALgDJ}@\iEJuBT_Bb@yBRaBDu@TkAByAXqENiANGTHb@~@p@XLP`@dBBf@^|@NlARXT~@l@TTLjAnAlD`AxBhA\A^NrB`@xAK`ARj@AZD`Cp@\RXXP`@Fd@d@nAZpBThFAx@Ln@GvAFtCL`BIN_@A]Ho@`@iDxAaBPoA`@gBXmAIu@LmAGOc@A_AS]]}@o@q@_AU]R_CNs@Nq@d@[j@c@\yBfAa@LYIa@@iAW{@Ac@OWWEc@Di@K]AUTyBZeB?eEd@cH@}BZsBP}BR{@lAaIDeC`@gDCi@B[JOZDf@jAv@b@XlATh@i@iD`@}@n@g@@SE]MWOWSOIeASKGSJ}@?g@LOOg@Rm@@QIQIG?TIBOk@MM}AIw@}@e@Qm@g@w@}@u@c@{@UYWEq@OQASZeBVg@@a@EUw@]s@KkAGc@FY^OfAUn@?RNh@MBc@WeCy@yAoBW{@w@HiAj@{@n@Oj@BRLDLIJ[BeAo@o@OgAMOaA@aAJ}@Zs@BmD]m@Oy@o@u@cAq@}Aq@gA_AeA{AsAwAkBi@qAkAi@cCkC}@{A]U[E]PaBjCWRa@Nq@?s@UuAqA[OWEq@Na@Es@@YI{AkAaAm@k@k@{@o@MS{@SMLk@lI	23.400000000000002	6030	Windsor to QUT KG	0	7	FALSE	2	Run	2021-12-26T04:13:23Z	2021-12-26T14:13:23Z	-27.432429	153.033491	(GMT+10:00) Australia/Brisbane	165.8	0	FALSE	Run	6833445049	6833445049	36000	everyone	0	NA	NA
42	37641772	1	1	20.0196	0	FALSE	FALSE	45.7021	8497	276.8	5.2	-27.4324361979961	153.03337784484	f3700df7-2f51-41e4-9161-bdd271ed9d4f-activity.fit	FALSE	FALSE	b10387460	FALSE	FALSE	FALSE	6440059910	3	FALSE	a6440059910	2	b~lfDk}`e\~@gI~IjGhDKjDnBpAQvBaD|@IrHdI|GnI|DnGvEr@lGk@jAnCi@`CMc@^wAxCuAlC|D~Cf@~@uDhE\c@fGl@j@nCfAtCtCdDx@OlE^~Ct@`Bw@|@Gv@jAdGvBvDzBxAbV`GJ}@kC_DfAwDhAMbF`HnBjGdAxNBxEd@lCdCzFjEhBfBCrF}GzA^xAUdDeBpAiClAoHrG_IpBsAvA@t@t@^|DbGdJgCdEMrBd@p@`A}E~FwFjBcGpFcHpNcMnLcFtPoM~@iBL_FdBwASmAsAaDoGiDeDW_Ej@Of@nEzGiClBu@vAiA\kDmEq@mAl@cFlLmA`BP`JtElArBR|AyArAk@`FaCfD}OrLoJzD{S|O_ErLeGrGmAlEz@jQz@xDpBlHvArD`[fa@hI`HnMtOnK|JAx@YQEzDrA~DfLpGiF|ViAfVuIdJY|Dd@j@e@jK\Nq@`Bt@fC_@nFaAvCL`@h@WMoAyCf@yAeC}@OwKlJyJbj@eGCuJrDiGlAkJ|H}EnME~Ct@tEWpBeAzAaAxD}Dr@{@jAdA~Dm@lDxArDy@rCyCzA_@x@PvAfBjBG`BeEnC{BvFr@bC|FfExBrDwBnIaAnJjBhWdAjDrBjAhUv@fJ`JtAOtCiBbGoHlFsC`BgEjEsErEUrBwBt@}Jv@aDxFmH|AcRx@mBjBAdCpDdAL|FqBvDoDdE{@~@mD\uIw@kCcBwBb@gD_FmEuCaAwFsIcGiEuAkC_CoA_D_GmIqGuGgAo@yB@{DyFyOb@TxEvN?~E\lAdH|A|IpIbBzDvCrAv@rBnAlApCjAlGvI`DlAbFdETx@YtBdBhCr@tCOjD|AkIGaAaHgHaHmEwEmHmGgEy@_C_DaCeCgEuEuBiDoC}DX_C{@aAeCZgHkDgEi@iBlGke@~AcGrFiEpC{@xAj@r@vBvCWJdAi@XlAwE`@wEw@gBn@aBe@{@h@aIa@sBTcEZmAlCuAfD{Ed@eRdFqVJyBgLkFu@{Bj@qFa@{AuIcIeNiP_JoH}Yaa@kCiJ{C{IaAaRtAeFbAsAgDuF_B_AYaDsCe@}DrBoDvE}B~I}CnDgC\aB[uGpGqEo@eBwAeBqEgA}U_@oCuBcG_E{F_A[}@~@o@pCjCnCOx@iUwF{DgC_BeDeAyFfAyBmAmEJyFi@g@sBCyDwD_Cy@[yAToFqECeA`EgDs@{BsDaDzAa@rA`Ao@HmAuBcCqFv@kEo@}AyAkB}DuHqJ}GeHaA^oBpCoAL{CeBuD@gJgGs@pJ	65.9088	8218	Mt Coo-tha summit #5	0	18	FALSE	2	Ride	2021-12-28T20:49:28Z	2021-12-29T06:49:28Z	-27.4324592482299	153.033560737967	(GMT+10:00) Australia/Brisbane	653.8	0	FALSE	Ride	6846910258	6846910258	36000	everyone	10	NA	NA
6	37641772	1	1	21.002399999999998	0	FALSE	FALSE	35.8813	6523	276.8	5.2	-27.432433096692	153.033408271149	f7f4a410-e4f8-42af-80bf-cfd86cac56e0-activity.fit	FALSE	FALSE	b10387460	FALSE	FALSE	FALSE	6448940124	2	FALSE	a6448940124	2	b~lfDq~`e\|@eHnIlGvDG|ChBfAM|BcD|@MrFfGnAt@fAnB`FlFjBvDfAnAfFz@`Do@~AL`ApBMxBWTMk@\aAzC}AnC`EpCd@VEVeCl@s@vD\_@vGf@`@pA^tFpEfBFr@jAQxEXhB~@bBaA~@FbBrAxFrBdD`CrApThFVM@s@aCuCZ_CbAiAv@XfD`FpC|Gh@|Cv@fRb@fChClF`DxAzBFrFuG~@Cb@\pAQ~CcBfC_Fj@kEzIgKnBBtAp@^~CzFdJ{BxCc@xEXn@j@|NdAnEnAbCPnBtBbFj[hb@zD|DrBhAhKpMbMxLD\cArBHdAfB|DpEvCzEpBCbB_FfU}@lUuBrCqFzESnD`@b@Bl@q@rIZf@a@bBx@`Cs@bG{@pCP^f@[IeAeCd@}AcCw@]yBh@mErCwA|Bm@tBaJ|g@{@\_Cc@iAHyJvDuFdAkJtHiFzMIxCp@rDI|BwAtBYvBi@~@gEdAq@tADv@|@dBe@xBApAhAjB?|@m@~AaDtBg@pALdAhBnBFpA_@n@_ExBu@z@UjAQzC`@dA`DlBlDlDj@fBArAyBvH}@vGx@fOpA`Kh@nAhBrAtVf@rA~@~GjH~AWdDqBtFmHrEwBhBgE`D{Dt@i@nEUhBcBp@qC@wE~@_E|FoHjA_S^gAjBc@x@j@pAdCzAXrFmBrDoDvEgA|@kBHmBSiBp@i@b@uEp@gCS{@cC{A_EgEsHkEeF}GmFiDm@y@a@gB}CqBiB}CmLeHkERkBo@aAkC^_H_@gAoCaCe@kCzEiYpBgOfAsCtGeE|Bm@dAf@v@|B~CME`Ae@TAaAbAuBPcD^{AcA{Bl@qAe@w@n@cIAiA_@k@JkCn@uBpCeBxCaE`AkVnE{RJmBeLaGy@_DZyF_@q@oI}HiGkIoF_GaCsAcEgE_Zw`@qAiDq@}DaBkCeAmEe@oRTgBp@cBjAcAeEyGwByBCk@s@y@sAS{C|@uEnGaBxHsBxCqClAsC[kGrGaAX{@KkDgBgB{Du@}EAiH_AoLkBsFsEiGcBIm@~@a@zBfCdCBdAqF{@uBDgIqBwGcE}@}C}@{GXUIp@DY[ZzAuCo@qAYeC\{De@mAaC[{DsDeCu@SsALgFuECc@n@K`Cc@DyCW_CeEoCnAg@z@Fp@b@YLiBCoAg@y@iAUmEdAsFu@_BeBmBwDcFoFkA}BeBkAiDcEeAPqBvC}ANuCmBkDHeHqFcAYq@lJ	71.9496	6150	Mt Coo-tha summit #6	0	0	FALSE	2	Ride	2021-12-30T21:43:32Z	2021-12-31T07:43:32Z	-27.4325513653457	153.033785121515	(GMT+10:00) Australia/Brisbane	503.4	1	FALSE	Ride	6856490649	6856490649	36000	everyone	10	NA	NA
